user_id,email,page,action,element,status,details,error_message,ip_address,user_agent,id,created_at,updated_at
SYSTEM,,,LIQUIDITY_ALARM,textverified,CRITICAL,Provider textverified liquidity below $10.00.,Current Balance: $2.40. Immediate top-up required for V6.0 stability.,,,18b1c1f6-0335-42d7-a2af-b2ceeeb2c40c,2026-04-18 20:03:36.855376,
SYSTEM,,,LIQUIDITY_ALARM,telnyx,CRITICAL,Provider telnyx liquidity below $10.00.,Current Balance: $0.00. Immediate top-up required for V6.0 stability.,,,2f2990bb-7f00-4535-af6d-6fe561f3194a,2026-04-18 20:03:36.954337,
SYSTEM,,,LIQUIDITY_ALARM,5sim,CRITICAL,Provider 5sim liquidity below $10.00.,Current Balance: $1.27. Immediate top-up required for V6.0 stability.,,,b58a4804-08a3-4202-8bfd-65fe8724c0fc,2026-04-18 20:03:36.963578,
SYSTEM,,,LIQUIDITY_ALARM,pvapins,CRITICAL,Provider pvapins liquidity below $10.00.,Current Balance: $0.00. Immediate top-up required for V6.0 stability.,,,dcbb5127-5e74-4c08-abba-eddc45f2a12b,2026-04-18 20:03:37.05526,
SYSTEM,,,LIQUIDITY_ALARM,textverified,CRITICAL,Provider textverified liquidity below $10.00.,Current Balance: $2.40. Immediate top-up required for V6.0 stability.,,,e9b59cd3-15a7-4ff6-8352-c506b5307897,2026-04-18 20:03:39.559113,
SYSTEM,,,LIQUIDITY_ALARM,telnyx,CRITICAL,Provider telnyx liquidity below $10.00.,Current Balance: $0.00. Immediate top-up required for V6.0 stability.,,,f76eb6fc-8d2f-4f80-8b16-bd2cf90cc410,2026-04-18 20:03:39.563406,
SYSTEM,,,LIQUIDITY_ALARM,5sim,CRITICAL,Provider 5sim liquidity below $10.00.,Current Balance: $1.27. Immediate top-up required for V6.0 stability.,,,9b3ade2b-7f67-43a2-8910-a4169bd0d0e8,2026-04-18 20:03:39.65621,
SYSTEM,,,LIQUIDITY_ALARM,pvapins,CRITICAL,Provider pvapins liquidity below $10.00.,Current Balance: $0.00. Immediate top-up required for V6.0 stability.,,,3a63bc69-3e2f-433a-adb5-72b30e6b84cc,2026-04-18 20:03:39.752458,
SYSTEM,,,LIQUIDITY_ALARM,textverified,CRITICAL,Provider textverified liquidity below $10.00.,Current Balance: $2.40. Immediate top-up required for V6.0 stability.,,,2ecfb0c7-eb95-457b-a088-70f989b658ef,2026-04-18 21:16:50.811499,
SYSTEM,,,LIQUIDITY_ALARM,telnyx,CRITICAL,Provider telnyx liquidity below $10.00.,Current Balance: $0.00. Immediate top-up required for V6.0 stability.,,,be5da80c-48de-475c-8fb1-9a8da765edd1,2026-04-18 21:16:50.907088,
SYSTEM,,,LIQUIDITY_ALARM,5sim,CRITICAL,Provider 5sim liquidity below $10.00.,Current Balance: $1.27. Immediate top-up required for V6.0 stability.,,,8746b7f2-e3a9-4643-8d3f-9ec49adad12c,2026-04-18 21:16:51.010945,
SYSTEM,,,LIQUIDITY_ALARM,pvapins,CRITICAL,Provider pvapins liquidity below $10.00.,Current Balance: $0.00. Immediate top-up required for V6.0 stability.,,,9e46641c-97a1-4f64-97b1-cbc748a2bc0a,2026-04-18 21:16:51.015373,
SYSTEM,,,LIQUIDITY_ALARM,textverified,CRITICAL,Provider textverified liquidity below $10.00.,Current Balance: $2.40. Immediate top-up required for V6.0 stability.,,,905500c9-dc68-46ee-b760-672d96c032bb,2026-04-18 21:16:51.81098,
SYSTEM,,,LIQUIDITY_ALARM,telnyx,CRITICAL,Provider telnyx liquidity below $10.00.,Current Balance: $0.00. Immediate top-up required for V6.0 stability.,,,5ca98f11-bae1-4870-8fba-d85a7d4a1220,2026-04-18 21:16:51.913418,
SYSTEM,,,LIQUIDITY_ALARM,5sim,CRITICAL,Provider 5sim liquidity below $10.00.,Current Balance: $1.27. Immediate top-up required for V6.0 stability.,,,8ad9ff98-c1c4-4817-8f84-bdf24ce78f56,2026-04-18 21:16:52.006987,
SYSTEM,,,LIQUIDITY_ALARM,pvapins,CRITICAL,Provider pvapins liquidity below $10.00.,Current Balance: $0.00. Immediate top-up required for V6.0 stability.,,,04a9bdb4-c784-4f27-9d24-4d1307debdf3,2026-04-18 21:16:52.011309,
SYSTEM,,,LIQUIDITY_ALARM,textverified,CRITICAL,Provider textverified liquidity below $10.00.,Current Balance: $2.40. Immediate top-up required for V6.0 stability.,,,49755f4e-ec02-42e5-bbc2-66da0ece53d3,2026-04-19 08:08:13.304959,
SYSTEM,,,LIQUIDITY_ALARM,telnyx,CRITICAL,Provider telnyx liquidity below $10.00.,Current Balance: $0.00. Immediate top-up required for V6.0 stability.,,,dd5767f0-9b9f-4117-ac4f-f17605a5881c,2026-04-19 08:08:13.314009,
SYSTEM,,,LIQUIDITY_ALARM,5sim,CRITICAL,Provider 5sim liquidity below $10.00.,Current Balance: $1.27. Immediate top-up required for V6.0 stability.,,,78962b1f-c294-4e40-a622-009cbdb679fb,2026-04-19 08:08:13.31788,
SYSTEM,,,LIQUIDITY_ALARM,pvapins,CRITICAL,Provider pvapins liquidity below $10.00.,Current Balance: $0.00. Immediate top-up required for V6.0 stability.,,,9d4b1bda-14a4-4d23-81db-61e61c33a993,2026-04-19 08:08:13.322415,
SYSTEM,,,LIQUIDITY_ALARM,textverified,CRITICAL,Provider textverified liquidity below $10.00.,Current Balance: $2.40. Immediate top-up required for V6.0 stability.,,,d42428bf-e6a4-41b0-a2e4-100f9f76e32d,2026-04-19 08:08:13.32873,
SYSTEM,,,LIQUIDITY_ALARM,telnyx,CRITICAL,Provider telnyx liquidity below $10.00.,Current Balance: $0.00. Immediate top-up required for V6.0 stability.,,,e6e27c8f-6e3d-4357-8afe-7267d76ee62d,2026-04-19 08:08:13.509289,
SYSTEM,,,LIQUIDITY_ALARM,5sim,CRITICAL,Provider 5sim liquidity below $10.00.,Current Balance: $1.27. Immediate top-up required for V6.0 stability.,,,22b1552e-50f7-407d-ba2a-7da95d3eec3a,2026-04-19 08:08:13.519238,
SYSTEM,,,LIQUIDITY_ALARM,pvapins,CRITICAL,Provider pvapins liquidity below $10.00.,Current Balance: $0.00. Immediate top-up required for V6.0 stability.,,,4b436be9-c121-4f1a-985d-05567c0f67c9,2026-04-19 08:08:13.5268,
SYSTEM,,,LIQUIDITY_ALARM,textverified,CRITICAL,Provider textverified liquidity below $10.00.,Current Balance: $2.40. Immediate top-up required for V6.0 stability.,,,fb88489d-2135-44f0-a46d-834667a8d7da,2026-04-19 08:23:19.629915,
SYSTEM,,,LIQUIDITY_ALARM,telnyx,CRITICAL,Provider telnyx liquidity below $10.00.,Current Balance: $0.00. Immediate top-up required for V6.0 stability.,,,cb3d7f7a-44e4-44c9-94b3-92177ffb608e,2026-04-19 08:23:19.744338,
SYSTEM,,,LIQUIDITY_ALARM,5sim,CRITICAL,Provider 5sim liquidity below $10.00.,Current Balance: $1.27. Immediate top-up required for V6.0 stability.,,,69026999-3a90-4809-84ea-d9473487281e,2026-04-19 08:23:19.823593,
SYSTEM,,,LIQUIDITY_ALARM,pvapins,CRITICAL,Provider pvapins liquidity below $10.00.,Current Balance: $0.00. Immediate top-up required for V6.0 stability.,,,7a40a8ea-a7a1-4945-b0fe-7fd39b7d8f62,2026-04-19 08:23:19.923714,
SYSTEM,,,LIQUIDITY_ALARM,textverified,CRITICAL,Provider textverified liquidity below $10.00.,Current Balance: $2.40. Immediate top-up required for V6.0 stability.,,,90205642-df83-4d69-b2ed-80603460a1dc,2026-04-19 08:23:19.923762,
SYSTEM,,,LIQUIDITY_ALARM,telnyx,CRITICAL,Provider telnyx liquidity below $10.00.,Current Balance: $0.00. Immediate top-up required for V6.0 stability.,,,3b8d85bc-0576-49a9-9a56-a5f1fad3afcc,2026-04-19 08:23:19.949602,
SYSTEM,,,LIQUIDITY_ALARM,5sim,CRITICAL,Provider 5sim liquidity below $10.00.,Current Balance: $1.27. Immediate top-up required for V6.0 stability.,,,e9daf9ab-404d-4647-8107-1a65f8da23d8,2026-04-19 08:23:20.029889,
SYSTEM,,,LIQUIDITY_ALARM,pvapins,CRITICAL,Provider pvapins liquidity below $10.00.,Current Balance: $0.00. Immediate top-up required for V6.0 stability.,,,b5c547df-5217-4e6b-bd32-3b800c9f454b,2026-04-19 08:23:20.041163,
SYSTEM,,,LIQUIDITY_ALARM,textverified,CRITICAL,Provider textverified liquidity below $10.00.,Current Balance: $2.40. Immediate top-up required for V6.0 stability.,,,89bff845-f513-4650-aaeb-8617be1a9e8c,2026-04-19 08:40:06.391214,
SYSTEM,,,LIQUIDITY_ALARM,telnyx,CRITICAL,Provider telnyx liquidity below $10.00.,Current Balance: $0.00. Immediate top-up required for V6.0 stability.,,,83349992-ca49-48d5-a1ec-31238292b47d,2026-04-19 08:40:06.590144,
SYSTEM,,,LIQUIDITY_ALARM,5sim,CRITICAL,Provider 5sim liquidity below $10.00.,Current Balance: $1.27. Immediate top-up required for V6.0 stability.,,,1abc431f-5b51-4396-930a-f4f2109205d4,2026-04-19 08:40:06.794131,
SYSTEM,,,LIQUIDITY_ALARM,textverified,CRITICAL,Provider textverified liquidity below $10.00.,Current Balance: $2.40. Immediate top-up required for V6.0 stability.,,,495e1b83-656c-49dd-bd82-5a49fd7f15b8,2026-04-19 08:40:06.796693,
SYSTEM,,,LIQUIDITY_ALARM,pvapins,CRITICAL,Provider pvapins liquidity below $10.00.,Current Balance: $0.00. Immediate top-up required for V6.0 stability.,,,c4063ed1-35d0-40f7-be73-daa521d7c94d,2026-04-19 08:40:06.799533,
SYSTEM,,,LIQUIDITY_ALARM,telnyx,CRITICAL,Provider telnyx liquidity below $10.00.,Current Balance: $0.00. Immediate top-up required for V6.0 stability.,,,08586c8c-be30-4752-b203-80450c8b96d8,2026-04-19 08:40:06.89006,
SYSTEM,,,LIQUIDITY_ALARM,5sim,CRITICAL,Provider 5sim liquidity below $10.00.,Current Balance: $1.27. Immediate top-up required for V6.0 stability.,,,eed7b5c0-c572-4aec-b5a6-b1783265587e,2026-04-19 08:40:06.99011,
SYSTEM,,,LIQUIDITY_ALARM,pvapins,CRITICAL,Provider pvapins liquidity below $10.00.,Current Balance: $0.00. Immediate top-up required for V6.0 stability.,,,6683ae29-5cde-44de-9e73-d0e5c158c373,2026-04-19 08:40:06.997249,
SYSTEM,,,LIQUIDITY_ALARM,textverified,CRITICAL,Provider textverified liquidity below $10.00.,Current Balance: $2.40. Immediate top-up required for V6.0 stability.,,,a8477350-ccf7-4478-8c85-259edd13d58d,2026-04-19 09:52:22.538497,
SYSTEM,,,LIQUIDITY_ALARM,telnyx,CRITICAL,Provider telnyx liquidity below $10.00.,Current Balance: $0.00. Immediate top-up required for V6.0 stability.,,,c50c0204-b7dc-4970-b705-1939b8ab58b4,2026-04-19 09:52:22.634291,
SYSTEM,,,LIQUIDITY_ALARM,5sim,CRITICAL,Provider 5sim liquidity below $10.00.,Current Balance: $1.27. Immediate top-up required for V6.0 stability.,,,298f30e1-9857-49d2-9186-c2b8952d84f6,2026-04-19 09:52:22.641895,
SYSTEM,,,LIQUIDITY_ALARM,pvapins,CRITICAL,Provider pvapins liquidity below $10.00.,Current Balance: $0.00. Immediate top-up required for V6.0 stability.,,,fa7c7092-7d9e-4aa5-8f9e-a037b9bec011,2026-04-19 09:52:22.735876,
SYSTEM,,,LIQUIDITY_ALARM,textverified,CRITICAL,Provider textverified liquidity below $10.00.,Current Balance: $2.40. Immediate top-up required for V6.0 stability.,,,5a1a9e4a-35a9-460a-ab52-7873576d567a,2026-04-19 09:52:24.441474,
SYSTEM,,,LIQUIDITY_ALARM,telnyx,CRITICAL,Provider telnyx liquidity below $10.00.,Current Balance: $0.00. Immediate top-up required for V6.0 stability.,,,85fb0f13-ce3d-4eeb-b948-2eef7347f77f,2026-04-19 09:52:24.540473,
SYSTEM,,,LIQUIDITY_ALARM,5sim,CRITICAL,Provider 5sim liquidity below $10.00.,Current Balance: $1.27. Immediate top-up required for V6.0 stability.,,,816de7b6-f8ea-41a8-81de-8011cc24d315,2026-04-19 09:52:24.636168,
SYSTEM,,,LIQUIDITY_ALARM,pvapins,CRITICAL,Provider pvapins liquidity below $10.00.,Current Balance: $0.00. Immediate top-up required for V6.0 stability.,,,7a530aa3-f116-4f99-8406-ece3d8c7ee50,2026-04-19 09:52:24.641513,
SYSTEM,,,LIQUIDITY_ALARM,textverified,CRITICAL,Provider textverified liquidity below $10.00.,Current Balance: $2.40. Immediate top-up required for V6.0 stability.,,,3da9ddf3-3393-43b4-a86e-6071c267e5ef,2026-04-19 10:34:14.021595,
SYSTEM,,,LIQUIDITY_ALARM,telnyx,CRITICAL,Provider telnyx liquidity below $10.00.,Current Balance: $0.00. Immediate top-up required for V6.0 stability.,,,57fd3383-11a6-4231-8e30-e2268b425ac9,2026-04-19 10:34:14.221195,
SYSTEM,,,LIQUIDITY_ALARM,textverified,CRITICAL,Provider textverified liquidity below $10.00.,Current Balance: $2.40. Immediate top-up required for V6.0 stability.,,,35e99d4d-4c02-46ee-955e-a908f075564d,2026-04-19 10:34:14.222429,
SYSTEM,,,LIQUIDITY_ALARM,5sim,CRITICAL,Provider 5sim liquidity below $10.00.,Current Balance: $1.27. Immediate top-up required for V6.0 stability.,,,adfedd30-d0de-4ea6-9608-f92b29be738c,2026-04-19 10:34:14.234783,
SYSTEM,,,LIQUIDITY_ALARM,telnyx,CRITICAL,Provider telnyx liquidity below $10.00.,Current Balance: $0.00. Immediate top-up required for V6.0 stability.,,,11088255-e2b4-40bd-b36d-f9ccfc20c02c,2026-04-19 10:34:14.234177,
SYSTEM,,,LIQUIDITY_ALARM,pvapins,CRITICAL,Provider pvapins liquidity below $10.00.,Current Balance: $0.00. Immediate top-up required for V6.0 stability.,,,1b7b8832-62db-4413-a905-00f77968e873,2026-04-19 10:34:14.3211,
SYSTEM,,,LIQUIDITY_ALARM,5sim,CRITICAL,Provider 5sim liquidity below $10.00.,Current Balance: $1.27. Immediate top-up required for V6.0 stability.,,,b0160819-b18a-4052-bfa8-a5654bc34c75,2026-04-19 10:34:14.328228,
SYSTEM,,,LIQUIDITY_ALARM,pvapins,CRITICAL,Provider pvapins liquidity below $10.00.,Current Balance: $0.00. Immediate top-up required for V6.0 stability.,,,832fe1d7-332b-4c8d-9f9c-2c91dc37fa3d,2026-04-19 10:34:14.352903,
SYSTEM,,,LIQUIDITY_ALARM,textverified,CRITICAL,Provider textverified liquidity below $10.00.,Current Balance: $2.40. Immediate top-up required for V6.0 stability.,,,53052045-7ed2-4548-ab74-a366913d2df9,2026-04-19 11:36:24.644117,
SYSTEM,,,LIQUIDITY_ALARM,telnyx,CRITICAL,Provider telnyx liquidity below $10.00.,Current Balance: $0.00. Immediate top-up required for V6.0 stability.,,,1a5796aa-c007-44ff-8f5f-5e4dac1718f3,2026-04-19 11:36:24.648521,
SYSTEM,,,LIQUIDITY_ALARM,5sim,CRITICAL,Provider 5sim liquidity below $10.00.,Current Balance: $1.27. Immediate top-up required for V6.0 stability.,,,b61538e6-cf62-4596-9f4a-d19d4d4345fa,2026-04-19 11:36:24.653274,
SYSTEM,,,LIQUIDITY_ALARM,pvapins,CRITICAL,Provider pvapins liquidity below $10.00.,Current Balance: $0.00. Immediate top-up required for V6.0 stability.,,,7cac382f-da35-4246-8ffc-23119cbdc2ad,2026-04-19 11:36:24.657415,
SYSTEM,,,LIQUIDITY_ALARM,textverified,CRITICAL,Provider textverified liquidity below $10.00.,Current Balance: $2.40. Immediate top-up required for V6.0 stability.,,,c9445a8e-8c69-4372-a5ca-afd4893bd078,2026-04-19 11:36:24.77867,
SYSTEM,,,LIQUIDITY_ALARM,telnyx,CRITICAL,Provider telnyx liquidity below $10.00.,Current Balance: $0.00. Immediate top-up required for V6.0 stability.,,,0073a389-9d7e-4d0f-a054-b619275c9e79,2026-04-19 11:36:24.84011,
SYSTEM,,,LIQUIDITY_ALARM,5sim,CRITICAL,Provider 5sim liquidity below $10.00.,Current Balance: $1.27. Immediate top-up required for V6.0 stability.,,,68a08199-943e-40d9-905c-34403d761853,2026-04-19 11:36:24.844274,
SYSTEM,,,LIQUIDITY_ALARM,pvapins,CRITICAL,Provider pvapins liquidity below $10.00.,Current Balance: $0.00. Immediate top-up required for V6.0 stability.,,,bfa6fbbb-de89-4f7f-a24c-568364b6fb44,2026-04-19 11:36:24.84778,
SYSTEM,,,LIQUIDITY_ALARM,textverified,CRITICAL,Provider textverified liquidity below $10.00.,Current Balance: $2.40. Immediate top-up required for V6.0 stability.,,,a78702d7-8b08-40c8-b26c-6bb393a9b3b6,2026-04-19 20:01:34.407658,
SYSTEM,,,LIQUIDITY_ALARM,telnyx,CRITICAL,Provider telnyx liquidity below $10.00.,Current Balance: $0.00. Immediate top-up required for V6.0 stability.,,,8cdabc5d-70ab-43a9-94fe-28cd82d643e6,2026-04-19 20:01:34.503107,
SYSTEM,,,LIQUIDITY_ALARM,textverified,CRITICAL,Provider textverified liquidity below $10.00.,Current Balance: $2.40. Immediate top-up required for V6.0 stability.,,,4623e9dc-0f21-4324-a5a5-baf3b2f0747b,2026-04-19 20:01:34.504449,
SYSTEM,,,LIQUIDITY_ALARM,5sim,CRITICAL,Provider 5sim liquidity below $10.00.,Current Balance: $1.27. Immediate top-up required for V6.0 stability.,,,689aefd5-564e-4e5a-855c-92e8344179f1,2026-04-19 20:01:34.508855,
SYSTEM,,,LIQUIDITY_ALARM,telnyx,CRITICAL,Provider telnyx liquidity below $10.00.,Current Balance: $0.00. Immediate top-up required for V6.0 stability.,,,cdc336af-0a50-41aa-a707-8d636ae3f5f6,2026-04-19 20:01:34.509913,
SYSTEM,,,LIQUIDITY_ALARM,5sim,CRITICAL,Provider 5sim liquidity below $10.00.,Current Balance: $1.27. Immediate top-up required for V6.0 stability.,,,956d1f8c-5c73-4264-a1f9-0824242c2069,2026-04-19 20:01:34.514178,
SYSTEM,,,LIQUIDITY_ALARM,pvapins,CRITICAL,Provider pvapins liquidity below $10.00.,Current Balance: $0.00. Immediate top-up required for V6.0 stability.,,,a087716c-1e42-44dd-9786-1bc22d757eec,2026-04-19 20:01:34.518685,
SYSTEM,,,LIQUIDITY_ALARM,pvapins,CRITICAL,Provider pvapins liquidity below $10.00.,Current Balance: $0.00. Immediate top-up required for V6.0 stability.,,,377b3a82-ff24-41e4-9b75-c8aa5aef74a2,2026-04-19 20:01:34.51317,
SYSTEM,,,LIQUIDITY_ALARM,textverified,CRITICAL,Provider textverified liquidity below $10.00.,Current Balance: $2.40. Immediate top-up required for V6.0 stability.,,,8608ff7b-dcdf-4f40-824f-de5b674164d1,2026-04-19 20:10:32.700862,
SYSTEM,,,LIQUIDITY_ALARM,telnyx,CRITICAL,Provider telnyx liquidity below $10.00.,Current Balance: $0.00. Immediate top-up required for V6.0 stability.,,,1c8d7e0d-ef8b-4703-9ccf-69ba4292c94f,2026-04-19 20:10:32.70515,
SYSTEM,,,LIQUIDITY_ALARM,5sim,CRITICAL,Provider 5sim liquidity below $10.00.,Current Balance: $1.27. Immediate top-up required for V6.0 stability.,,,15a609fe-2f13-4e5c-b6e5-b3d79e343528,2026-04-19 20:10:32.708473,
SYSTEM,,,LIQUIDITY_ALARM,pvapins,CRITICAL,Provider pvapins liquidity below $10.00.,Current Balance: $0.00. Immediate top-up required for V6.0 stability.,,,b7af8a2c-2baf-48ca-8f55-3cab4f10e289,2026-04-19 20:10:32.711934,
SYSTEM,,,LIQUIDITY_ALARM,textverified,CRITICAL,Provider textverified liquidity below $10.00.,Current Balance: $2.40. Immediate top-up required for V6.0 stability.,,,78dc2f66-8cd9-48bc-9a4a-d53e8037f0be,2026-04-19 20:10:32.964429,
SYSTEM,,,LIQUIDITY_ALARM,telnyx,CRITICAL,Provider telnyx liquidity below $10.00.,Current Balance: $0.00. Immediate top-up required for V6.0 stability.,,,17b84c83-0e4a-4051-8246-61261cb8a947,2026-04-19 20:10:32.969542,
SYSTEM,,,LIQUIDITY_ALARM,5sim,CRITICAL,Provider 5sim liquidity below $10.00.,Current Balance: $1.27. Immediate top-up required for V6.0 stability.,,,3354e832-9f01-4ee1-9542-a67f1597137e,2026-04-19 20:10:32.972953,
SYSTEM,,,LIQUIDITY_ALARM,pvapins,CRITICAL,Provider pvapins liquidity below $10.00.,Current Balance: $0.00. Immediate top-up required for V6.0 stability.,,,06d730a5-1fec-4036-bc1e-057273ad56ab,2026-04-19 20:10:32.976974,
SYSTEM,,,LIQUIDITY_ALARM,textverified,CRITICAL,Provider textverified liquidity below $10.00.,Current Balance: $2.40. Immediate top-up required for V6.0 stability.,,,8ae3461d-bcb0-4381-9968-64bfa63e0df0,2026-04-19 20:23:42.884909,
SYSTEM,,,LIQUIDITY_ALARM,telnyx,CRITICAL,Provider telnyx liquidity below $10.00.,Current Balance: $0.00. Immediate top-up required for V6.0 stability.,,,15244715-16ef-417b-b466-f2e5ad06878b,2026-04-19 20:23:42.890721,
SYSTEM,,,LIQUIDITY_ALARM,5sim,CRITICAL,Provider 5sim liquidity below $10.00.,Current Balance: $1.27. Immediate top-up required for V6.0 stability.,,,91d85086-16aa-403b-adce-d236c2a189b3,2026-04-19 20:23:42.89594,
SYSTEM,,,LIQUIDITY_ALARM,pvapins,CRITICAL,Provider pvapins liquidity below $10.00.,Current Balance: $0.00. Immediate top-up required for V6.0 stability.,,,d7a9a5c8-4959-463a-90eb-5174fdef4451,2026-04-19 20:23:42.899597,
SYSTEM,,,LIQUIDITY_ALARM,textverified,CRITICAL,Provider textverified liquidity below $10.00.,Current Balance: $2.40. Immediate top-up required for V6.0 stability.,,,c42c16b2-6edb-4124-b9eb-3f42e06eb2be,2026-04-19 20:23:43.063476,
SYSTEM,,,LIQUIDITY_ALARM,telnyx,CRITICAL,Provider telnyx liquidity below $10.00.,Current Balance: $0.00. Immediate top-up required for V6.0 stability.,,,73fff050-ae0b-4ca4-808e-bd70adf628e6,2026-04-19 20:23:43.070344,
SYSTEM,,,LIQUIDITY_ALARM,5sim,CRITICAL,Provider 5sim liquidity below $10.00.,Current Balance: $1.27. Immediate top-up required for V6.0 stability.,,,8ae694b3-8c3f-43c2-ba52-0515b8aa1026,2026-04-19 20:23:43.074153,
SYSTEM,,,LIQUIDITY_ALARM,pvapins,CRITICAL,Provider pvapins liquidity below $10.00.,Current Balance: $0.00. Immediate top-up required for V6.0 stability.,,,73dca79c-d0ac-4edd-b6fd-aa22d3b668dc,2026-04-19 20:23:43.077666,
SYSTEM,,,LIQUIDITY_ALARM,textverified,CRITICAL,Provider textverified liquidity below $10.00.,Current Balance: $2.40. Immediate top-up required for V6.0 stability.,,,08572a16-db49-41a7-8607-040c8b6a1e6f,2026-04-19 20:26:56.012503,
SYSTEM,,,LIQUIDITY_ALARM,telnyx,CRITICAL,Provider telnyx liquidity below $10.00.,Current Balance: $0.00. Immediate top-up required for V6.0 stability.,,,eb5ff5a9-009e-4188-b91e-ace15c0ce4f2,2026-04-19 20:26:56.021352,
SYSTEM,,,LIQUIDITY_ALARM,5sim,CRITICAL,Provider 5sim liquidity below $10.00.,Current Balance: $1.27. Immediate top-up required for V6.0 stability.,,,ac75013b-a783-4a66-819b-fed27bb6ae5b,2026-04-19 20:26:56.028987,
SYSTEM,,,LIQUIDITY_ALARM,pvapins,CRITICAL,Provider pvapins liquidity below $10.00.,Current Balance: $0.00. Immediate top-up required for V6.0 stability.,,,1b118dfd-7045-498c-a24d-2f19fe77a5d0,2026-04-19 20:26:56.032855,
SYSTEM,,,LIQUIDITY_ALARM,textverified,CRITICAL,Provider textverified liquidity below $10.00.,Current Balance: $2.40. Immediate top-up required for V6.0 stability.,,,9ad4d3db-125e-4b01-a428-ab1b7af58a11,2026-04-19 20:27:00.809533,
SYSTEM,,,LIQUIDITY_ALARM,telnyx,CRITICAL,Provider telnyx liquidity below $10.00.,Current Balance: $0.00. Immediate top-up required for V6.0 stability.,,,ddabeafe-0e11-4609-905a-fa63055002ba,2026-04-19 20:27:00.813991,
SYSTEM,,,LIQUIDITY_ALARM,5sim,CRITICAL,Provider 5sim liquidity below $10.00.,Current Balance: $1.27. Immediate top-up required for V6.0 stability.,,,1d086bbd-22a4-41c2-9d50-48f1f9358628,2026-04-19 20:27:00.817684,
SYSTEM,,,LIQUIDITY_ALARM,pvapins,CRITICAL,Provider pvapins liquidity below $10.00.,Current Balance: $0.00. Immediate top-up required for V6.0 stability.,,,b4c6a728-6c49-40c3-bf7e-316ce73e2217,2026-04-19 20:27:00.821293,
SYSTEM,,,LIQUIDITY_ALARM,textverified,CRITICAL,Provider textverified liquidity below $10.00.,Current Balance: $2.40. Immediate top-up required for V6.0 stability.,,,21d21f54-5c05-4d0e-9c5d-f3519fe10f1d,2026-04-19 20:34:32.78,
SYSTEM,,,LIQUIDITY_ALARM,telnyx,CRITICAL,Provider telnyx liquidity below $10.00.,Current Balance: $0.00. Immediate top-up required for V6.0 stability.,,,e760e426-828b-4a60-9022-d06bb21d1638,2026-04-19 20:34:32.977911,
SYSTEM,,,LIQUIDITY_ALARM,5sim,CRITICAL,Provider 5sim liquidity below $10.00.,Current Balance: $1.27. Immediate top-up required for V6.0 stability.,,,49eec6aa-fb94-4378-ae40-34f5a9916916,2026-04-19 20:34:32.983289,
SYSTEM,,,LIQUIDITY_ALARM,pvapins,CRITICAL,Provider pvapins liquidity below $10.00.,Current Balance: $0.00. Immediate top-up required for V6.0 stability.,,,9f62b573-1dfb-48c1-8d02-c784276c9aad,2026-04-19 20:34:32.988254,
SYSTEM,,,LIQUIDITY_ALARM,textverified,CRITICAL,Provider textverified liquidity below $10.00.,Current Balance: $2.40. Immediate top-up required for V6.0 stability.,,,213f61bb-7fc4-42d6-9f84-cb878bbf8cfd,2026-04-19 20:34:36.98263,
SYSTEM,,,LIQUIDITY_ALARM,telnyx,CRITICAL,Provider telnyx liquidity below $10.00.,Current Balance: $0.00. Immediate top-up required for V6.0 stability.,,,23875a91-8513-42ac-99df-1da16e20ca07,2026-04-19 20:34:37.000842,
SYSTEM,,,LIQUIDITY_ALARM,5sim,CRITICAL,Provider 5sim liquidity below $10.00.,Current Balance: $1.27. Immediate top-up required for V6.0 stability.,,,1064efaa-5e4e-429a-ace3-ebd718e13fe8,2026-04-19 20:34:37.078778,
SYSTEM,,,LIQUIDITY_ALARM,pvapins,CRITICAL,Provider pvapins liquidity below $10.00.,Current Balance: $0.00. Immediate top-up required for V6.0 stability.,,,f6d1e364-51a9-4793-8a91-662fdb545729,2026-04-19 20:34:37.088273,
SYSTEM,,,LIQUIDITY_ALARM,textverified,CRITICAL,Provider textverified liquidity below $10.00.,Current Balance: $2.40. Immediate top-up required for V6.0 stability.,,,62c4df0d-2160-429a-9e88-6e33480a39c9,2026-04-19 20:38:24.252816,
SYSTEM,,,LIQUIDITY_ALARM,telnyx,CRITICAL,Provider telnyx liquidity below $10.00.,Current Balance: $0.00. Immediate top-up required for V6.0 stability.,,,6a391303-99fa-4df4-85cd-5c95a0dcd6f6,2026-04-19 20:38:24.356344,
SYSTEM,,,LIQUIDITY_ALARM,5sim,CRITICAL,Provider 5sim liquidity below $10.00.,Current Balance: $1.27. Immediate top-up required for V6.0 stability.,,,9b9b3947-0932-4758-8ec6-8539c2c30bf9,2026-04-19 20:38:24.454572,
SYSTEM,,,LIQUIDITY_ALARM,pvapins,CRITICAL,Provider pvapins liquidity below $10.00.,Current Balance: $0.00. Immediate top-up required for V6.0 stability.,,,7fe01759-bece-4831-b047-6dff9d86f9ce,2026-04-19 20:38:24.652115,
SYSTEM,,,LIQUIDITY_ALARM,textverified,CRITICAL,Provider textverified liquidity below $10.00.,Current Balance: $2.40. Immediate top-up required for V6.0 stability.,,,90b1c470-1b1c-4b47-ad59-2314a61869c2,2026-04-19 20:38:24.761004,
SYSTEM,,,LIQUIDITY_ALARM,telnyx,CRITICAL,Provider telnyx liquidity below $10.00.,Current Balance: $0.00. Immediate top-up required for V6.0 stability.,,,97e186f2-6c6a-4b6a-87b6-b99b580dcfcf,2026-04-19 20:38:24.951942,
SYSTEM,,,LIQUIDITY_ALARM,5sim,CRITICAL,Provider 5sim liquidity below $10.00.,Current Balance: $1.27. Immediate top-up required for V6.0 stability.,,,37a99a59-ab1e-4a4d-b7bd-c1b716e43dd9,2026-04-19 20:38:24.962528,
SYSTEM,,,LIQUIDITY_ALARM,pvapins,CRITICAL,Provider pvapins liquidity below $10.00.,Current Balance: $0.00. Immediate top-up required for V6.0 stability.,,,0655d337-f9ed-4acd-b46f-e3f09ac04509,2026-04-19 20:38:24.969257,
SYSTEM,,,LIQUIDITY_ALARM,textverified,CRITICAL,Provider textverified liquidity below $10.00.,Current Balance: $2.40. Immediate top-up required for V6.0 stability.,,,8ebb6189-573e-41e3-944c-3a4a80a8ab1b,2026-04-19 20:42:02.781118,
SYSTEM,,,LIQUIDITY_ALARM,telnyx,CRITICAL,Provider telnyx liquidity below $10.00.,Current Balance: $0.00. Immediate top-up required for V6.0 stability.,,,a06cec9e-4de4-4609-b885-27296460fe9e,2026-04-19 20:42:02.875852,
SYSTEM,,,LIQUIDITY_ALARM,5sim,CRITICAL,Provider 5sim liquidity below $10.00.,Current Balance: $1.27. Immediate top-up required for V6.0 stability.,,,eefc4224-3d16-4d75-9c83-a86dec46aef7,2026-04-19 20:42:02.881896,
SYSTEM,,,LIQUIDITY_ALARM,pvapins,CRITICAL,Provider pvapins liquidity below $10.00.,Current Balance: $0.00. Immediate top-up required for V6.0 stability.,,,a3eed3d2-da44-4e5e-9bbc-77deb8b1e4bc,2026-04-19 20:42:02.977317,
SYSTEM,,,LIQUIDITY_ALARM,textverified,CRITICAL,Provider textverified liquidity below $10.00.,Current Balance: $2.40. Immediate top-up required for V6.0 stability.,,,82ccdd85-69a6-4595-b3cb-94ba3790d164,2026-04-19 20:42:06.582331,
SYSTEM,,,LIQUIDITY_ALARM,telnyx,CRITICAL,Provider telnyx liquidity below $10.00.,Current Balance: $0.00. Immediate top-up required for V6.0 stability.,,,f9248be3-f6a1-4fa0-ad63-8b48ddff2a5b,2026-04-19 20:42:06.676966,
SYSTEM,,,LIQUIDITY_ALARM,5sim,CRITICAL,Provider 5sim liquidity below $10.00.,Current Balance: $1.27. Immediate top-up required for V6.0 stability.,,,0fc30bca-ad79-4e34-be34-c12814da0d6c,2026-04-19 20:42:06.6814,
SYSTEM,,,LIQUIDITY_ALARM,pvapins,CRITICAL,Provider pvapins liquidity below $10.00.,Current Balance: $0.00. Immediate top-up required for V6.0 stability.,,,6c4d3425-6111-42eb-979d-286915532948,2026-04-19 20:42:06.779635,
SYSTEM,,,LIQUIDITY_ALARM,textverified,CRITICAL,Provider textverified liquidity below $10.00.,Current Balance: $2.40. Immediate top-up required for V6.0 stability.,,,5b54cc03-ef71-46cd-924c-f69de61e7b34,2026-04-19 22:14:27.367267,
SYSTEM,,,LIQUIDITY_ALARM,telnyx,CRITICAL,Provider telnyx liquidity below $10.00.,Current Balance: $0.00. Immediate top-up required for V6.0 stability.,,,e8102f4e-9c7f-4467-9f05-e160fa1e1851,2026-04-19 22:14:27.464958,
SYSTEM,,,LIQUIDITY_ALARM,textverified,CRITICAL,Provider textverified liquidity below $10.00.,Current Balance: $2.40. Immediate top-up required for V6.0 stability.,,,3e67bba2-2f40-4f66-9aa7-c11c89a9af76,2026-04-19 22:14:27.470048,
SYSTEM,,,LIQUIDITY_ALARM,5sim,CRITICAL,Provider 5sim liquidity below $10.00.,Current Balance: $1.27. Immediate top-up required for V6.0 stability.,,,c8176dfd-fe15-46d1-8bc3-e39a9ed2ba01,2026-04-19 22:14:27.471663,
SYSTEM,,,LIQUIDITY_ALARM,telnyx,CRITICAL,Provider telnyx liquidity below $10.00.,Current Balance: $0.00. Immediate top-up required for V6.0 stability.,,,174567fe-766f-40bb-88ee-04637964d71f,2026-04-19 22:14:27.475301,
SYSTEM,,,LIQUIDITY_ALARM,pvapins,CRITICAL,Provider pvapins liquidity below $10.00.,Current Balance: $0.00. Immediate top-up required for V6.0 stability.,,,8fd389da-04f5-4186-a99d-1d3b3459619e,2026-04-19 22:14:27.47635,
SYSTEM,,,LIQUIDITY_ALARM,5sim,CRITICAL,Provider 5sim liquidity below $10.00.,Current Balance: $1.27. Immediate top-up required for V6.0 stability.,,,7e6a8580-3857-40c7-9768-9411e642ff4a,2026-04-19 22:14:27.564677,
SYSTEM,,,LIQUIDITY_ALARM,pvapins,CRITICAL,Provider pvapins liquidity below $10.00.,Current Balance: $0.00. Immediate top-up required for V6.0 stability.,,,b8f20aa4-6a76-4623-b7f0-0dc65f458201,2026-04-19 22:14:27.569218,
SYSTEM,,,LIQUIDITY_ALARM,textverified,CRITICAL,Provider textverified liquidity below $10.00.,Current Balance: $2.40. Immediate top-up required for V6.0 stability.,,,48b9771c-9f7f-438d-8866-ff01d2a038c0,2026-04-19 22:21:45.14488,
SYSTEM,,,LIQUIDITY_ALARM,telnyx,CRITICAL,Provider telnyx liquidity below $10.00.,Current Balance: $0.00. Immediate top-up required for V6.0 stability.,,,efb5d646-9c6b-49b1-97fc-e89e0b669b2a,2026-04-19 22:21:45.339893,
SYSTEM,,,LIQUIDITY_ALARM,5sim,CRITICAL,Provider 5sim liquidity below $10.00.,Current Balance: $1.27. Immediate top-up required for V6.0 stability.,,,bb39c876-1278-4e48-a901-b50fceaeea3c,2026-04-19 22:21:45.442761,
SYSTEM,,,LIQUIDITY_ALARM,pvapins,CRITICAL,Provider pvapins liquidity below $10.00.,Current Balance: $0.00. Immediate top-up required for V6.0 stability.,,,3fd35673-c71a-441b-a8fd-cd081d9f8701,2026-04-19 22:21:45.540313,
SYSTEM,,,LIQUIDITY_ALARM,textverified,CRITICAL,Provider textverified liquidity below $10.00.,Current Balance: $2.40. Immediate top-up required for V6.0 stability.,,,f2097974-a7a4-41cf-8699-b14db95a19f0,2026-04-19 22:21:47.339415,
SYSTEM,,,LIQUIDITY_ALARM,telnyx,CRITICAL,Provider telnyx liquidity below $10.00.,Current Balance: $0.00. Immediate top-up required for V6.0 stability.,,,eda490a7-7759-4bb3-98ad-d1b4809b82bd,2026-04-19 22:21:47.444039,
SYSTEM,,,LIQUIDITY_ALARM,5sim,CRITICAL,Provider 5sim liquidity below $10.00.,Current Balance: $1.27. Immediate top-up required for V6.0 stability.,,,f2dabd23-4113-40a5-b17a-ae2ccef9cccb,2026-04-19 22:21:47.447945,
SYSTEM,,,LIQUIDITY_ALARM,pvapins,CRITICAL,Provider pvapins liquidity below $10.00.,Current Balance: $0.00. Immediate top-up required for V6.0 stability.,,,ab748426-8f84-4d24-85f7-7080a646f916,2026-04-19 22:21:47.543822,
SYSTEM,,,LIQUIDITY_ALARM,textverified,CRITICAL,Provider textverified liquidity below $10.00.,Current Balance: $2.40. Immediate top-up required for V6.0 stability.,,,1f647333-d4d4-4a3b-a82d-2fd119c60ef4,2026-04-19 22:34:03.384495,
SYSTEM,,,LIQUIDITY_ALARM,telnyx,CRITICAL,Provider telnyx liquidity below $10.00.,Current Balance: $0.00. Immediate top-up required for V6.0 stability.,,,8c3ed9a1-6ad2-449e-9b65-d8db3de9a8ae,2026-04-19 22:34:03.581996,
SYSTEM,,,LIQUIDITY_ALARM,5sim,CRITICAL,Provider 5sim liquidity below $10.00.,Current Balance: $1.27. Immediate top-up required for V6.0 stability.,,,b6b9db42-fd14-4d65-af66-ddbf8ab348ba,2026-04-19 22:34:03.687288,
SYSTEM,,,LIQUIDITY_ALARM,pvapins,CRITICAL,Provider pvapins liquidity below $10.00.,Current Balance: $0.00. Immediate top-up required for V6.0 stability.,,,aae179aa-6786-4f84-b348-56153c5a5e46,2026-04-19 22:34:03.788031,
SYSTEM,,,LIQUIDITY_ALARM,textverified,CRITICAL,Provider textverified liquidity below $10.00.,Current Balance: $2.40. Immediate top-up required for V6.0 stability.,,,41759a8d-340a-4abf-8f74-d562e63512e4,2026-04-19 22:34:06.182082,
SYSTEM,,,LIQUIDITY_ALARM,telnyx,CRITICAL,Provider telnyx liquidity below $10.00.,Current Balance: $0.00. Immediate top-up required for V6.0 stability.,,,2defcc34-ee56-4027-bd06-0beb77c411e8,2026-04-19 22:34:06.202463,
SYSTEM,,,LIQUIDITY_ALARM,5sim,CRITICAL,Provider 5sim liquidity below $10.00.,Current Balance: $1.27. Immediate top-up required for V6.0 stability.,,,6fba73e3-77ed-455f-81c5-a89516607305,2026-04-19 22:34:06.379915,
SYSTEM,,,LIQUIDITY_ALARM,pvapins,CRITICAL,Provider pvapins liquidity below $10.00.,Current Balance: $0.00. Immediate top-up required for V6.0 stability.,,,7fca6c72-b3c9-4699-8424-9c1fc3552c47,2026-04-19 22:34:06.38584,
SYSTEM,,,LIQUIDITY_ALARM,textverified,CRITICAL,Provider textverified liquidity below $10.00.,Current Balance: $2.40. Immediate top-up required for V6.0 stability.,,,8a831610-e25e-430b-a5c8-0cfac3033655,2026-04-19 22:59:38.68211,
SYSTEM,,,LIQUIDITY_ALARM,telnyx,CRITICAL,Provider telnyx liquidity below $10.00.,Current Balance: $0.00. Immediate top-up required for V6.0 stability.,,,fa4f0aae-2edc-4c34-84a1-52e4be939a02,2026-04-19 22:59:38.782909,
SYSTEM,,,LIQUIDITY_ALARM,5sim,CRITICAL,Provider 5sim liquidity below $10.00.,Current Balance: $1.27. Immediate top-up required for V6.0 stability.,,,0cf0d82e-00d3-482a-ada7-a4f42cbeb46f,2026-04-19 22:59:39.082447,
SYSTEM,,,LIQUIDITY_ALARM,pvapins,CRITICAL,Provider pvapins liquidity below $10.00.,Current Balance: $0.00. Immediate top-up required for V6.0 stability.,,,3f22e3a7-0c38-4448-9ded-e7f6caadd5bb,2026-04-19 22:59:39.177689,
SYSTEM,,,LIQUIDITY_ALARM,textverified,CRITICAL,Provider textverified liquidity below $10.00.,Current Balance: $2.40. Immediate top-up required for V6.0 stability.,,,3677bf1e-445a-4ed8-a685-81bf5c5856f4,2026-04-19 22:59:42.278775,
SYSTEM,,,LIQUIDITY_ALARM,telnyx,CRITICAL,Provider telnyx liquidity below $10.00.,Current Balance: $0.00. Immediate top-up required for V6.0 stability.,,,4a92e72b-d288-46e9-b185-80fb07c78aea,2026-04-19 22:59:42.284592,
SYSTEM,,,LIQUIDITY_ALARM,5sim,CRITICAL,Provider 5sim liquidity below $10.00.,Current Balance: $1.27. Immediate top-up required for V6.0 stability.,,,cd42f998-8949-45bc-8941-c8de1e04cf27,2026-04-19 22:59:42.289133,
SYSTEM,,,LIQUIDITY_ALARM,pvapins,CRITICAL,Provider pvapins liquidity below $10.00.,Current Balance: $0.00. Immediate top-up required for V6.0 stability.,,,b8cb2c57-5b2e-4314-8302-defdb42782b4,2026-04-19 22:59:42.383057,
SYSTEM,,,LIQUIDITY_ALARM,textverified,CRITICAL,Provider textverified liquidity below $10.00.,Current Balance: $2.40. Immediate top-up required for V6.0 stability.,,,ee66b059-8c92-4598-8281-d8758dc878d6,2026-04-19 23:15:50.67738,
SYSTEM,,,LIQUIDITY_ALARM,telnyx,CRITICAL,Provider telnyx liquidity below $10.00.,Current Balance: $0.00. Immediate top-up required for V6.0 stability.,,,7183b68c-c532-41c0-9d6a-79728db1fb85,2026-04-19 23:15:50.682085,
SYSTEM,,,LIQUIDITY_ALARM,5sim,CRITICAL,Provider 5sim liquidity below $10.00.,Current Balance: $1.27. Immediate top-up required for V6.0 stability.,,,6b876bf9-07d9-4f1a-992f-3afdcfdf438c,2026-04-19 23:15:50.776701,
SYSTEM,,,LIQUIDITY_ALARM,pvapins,CRITICAL,Provider pvapins liquidity below $10.00.,Current Balance: $0.00. Immediate top-up required for V6.0 stability.,,,e9520825-ad36-4fdb-b773-7a186c4be376,2026-04-19 23:15:50.780581,
SYSTEM,,,LIQUIDITY_ALARM,textverified,CRITICAL,Provider textverified liquidity below $10.00.,Current Balance: $2.40. Immediate top-up required for V6.0 stability.,,,5ace7226-8fdb-4858-8459-609e9c1d7178,2026-04-19 23:15:53.476551,
SYSTEM,,,LIQUIDITY_ALARM,telnyx,CRITICAL,Provider telnyx liquidity below $10.00.,Current Balance: $0.00. Immediate top-up required for V6.0 stability.,,,a5981812-2612-4ab1-956a-64c7bd189320,2026-04-19 23:15:53.573338,
SYSTEM,,,LIQUIDITY_ALARM,5sim,CRITICAL,Provider 5sim liquidity below $10.00.,Current Balance: $1.27. Immediate top-up required for V6.0 stability.,,,a7d95291-7b8d-42fc-aaaf-d6b33b18be5f,2026-04-19 23:15:53.57772,
SYSTEM,,,LIQUIDITY_ALARM,pvapins,CRITICAL,Provider pvapins liquidity below $10.00.,Current Balance: $0.00. Immediate top-up required for V6.0 stability.,,,1cb4293d-256b-465f-8034-3a15b674e4a4,2026-04-19 23:15:53.673235,
SYSTEM,,,LIQUIDITY_ALARM,textverified,CRITICAL,Provider textverified liquidity below $10.00.,Current Balance: $2.40. Immediate top-up required for V6.0 stability.,,,38e34502-5ddc-4bd0-952c-5bc8e736c340,2026-04-20 00:14:10.076629,
SYSTEM,,,LIQUIDITY_ALARM,telnyx,CRITICAL,Provider telnyx liquidity below $10.00.,Current Balance: $0.00. Immediate top-up required for V6.0 stability.,,,869c00c4-ebe2-4684-9a30-332caead54d0,2026-04-20 00:14:10.274128,
SYSTEM,,,LIQUIDITY_ALARM,5sim,CRITICAL,Provider 5sim liquidity below $10.00.,Current Balance: $1.27. Immediate top-up required for V6.0 stability.,,,f91655c3-4619-4375-a061-a03dcd35ef8e,2026-04-20 00:14:10.279239,
SYSTEM,,,LIQUIDITY_ALARM,pvapins,CRITICAL,Provider pvapins liquidity below $10.00.,Current Balance: $0.00. Immediate top-up required for V6.0 stability.,,,395a5f83-53f4-4ed2-a338-e4da3da999e6,2026-04-20 00:14:10.28486,
SYSTEM,,,LIQUIDITY_ALARM,textverified,CRITICAL,Provider textverified liquidity below $10.00.,Current Balance: $2.40. Immediate top-up required for V6.0 stability.,,,3aec9706-dc06-42bb-8379-f212db0f34d8,2026-04-20 00:14:10.575193,
SYSTEM,,,LIQUIDITY_ALARM,telnyx,CRITICAL,Provider telnyx liquidity below $10.00.,Current Balance: $0.00. Immediate top-up required for V6.0 stability.,,,002fd1cf-7936-4abe-8d10-215d4c833845,2026-04-20 00:14:10.674275,
SYSTEM,,,LIQUIDITY_ALARM,5sim,CRITICAL,Provider 5sim liquidity below $10.00.,Current Balance: $1.27. Immediate top-up required for V6.0 stability.,,,68e207ed-eae8-4e35-9aa4-1c44b1be602b,2026-04-20 00:14:10.777317,
SYSTEM,,,LIQUIDITY_ALARM,pvapins,CRITICAL,Provider pvapins liquidity below $10.00.,Current Balance: $0.00. Immediate top-up required for V6.0 stability.,,,4ca99380-2591-4706-bed7-1277ef12ab07,2026-04-20 00:14:10.781443,
SYSTEM,,,LIQUIDITY_ALARM,textverified,CRITICAL,Provider textverified liquidity below $10.00.,Current Balance: $2.40. Immediate top-up required for V6.0 stability.,,,eebd068a-4085-47c2-804e-c1f07b1c5aff,2026-04-20 00:36:42.333803,
SYSTEM,,,LIQUIDITY_ALARM,telnyx,CRITICAL,Provider telnyx liquidity below $10.00.,Current Balance: $0.00. Immediate top-up required for V6.0 stability.,,,5569a390-be5d-4dcb-b08a-d3b8a48ff92f,2026-04-20 00:36:42.538975,
SYSTEM,,,LIQUIDITY_ALARM,5sim,CRITICAL,Provider 5sim liquidity below $10.00.,Current Balance: $1.27. Immediate top-up required for V6.0 stability.,,,2e21f103-1bb9-47cf-8a73-93fffabc9679,2026-04-20 00:36:42.545923,
SYSTEM,,,LIQUIDITY_ALARM,pvapins,CRITICAL,Provider pvapins liquidity below $10.00.,Current Balance: $0.00. Immediate top-up required for V6.0 stability.,,,59c9d4e5-66e8-4c1a-90d6-e95ee2471374,2026-04-20 00:36:42.636414,
SYSTEM,,,LIQUIDITY_ALARM,textverified,CRITICAL,Provider textverified liquidity below $10.00.,Current Balance: $2.40. Immediate top-up required for V6.0 stability.,,,c9b47c29-5721-4e55-8fca-a4a2642f82f1,2026-04-20 00:36:42.637121,
SYSTEM,,,LIQUIDITY_ALARM,telnyx,CRITICAL,Provider telnyx liquidity below $10.00.,Current Balance: $0.00. Immediate top-up required for V6.0 stability.,,,ed653a5b-b151-456b-80cd-296a6f488755,2026-04-20 00:36:42.736733,
SYSTEM,,,LIQUIDITY_ALARM,5sim,CRITICAL,Provider 5sim liquidity below $10.00.,Current Balance: $1.27. Immediate top-up required for V6.0 stability.,,,e534af4f-ab3c-459f-a4ee-14a6466efc88,2026-04-20 00:36:42.74175,
SYSTEM,,,LIQUIDITY_ALARM,pvapins,CRITICAL,Provider pvapins liquidity below $10.00.,Current Balance: $0.00. Immediate top-up required for V6.0 stability.,,,77010313-1f58-4487-99f5-96f929e79620,2026-04-20 00:36:42.931906,
SYSTEM,,,LIQUIDITY_ALARM,textverified,CRITICAL,Provider textverified liquidity below $10.00.,Current Balance: $2.40. Immediate top-up required for V6.0 stability.,,,cc5ad81f-b7d2-420e-a760-d95dbb3831ee,2026-04-20 00:39:40.34555,
SYSTEM,,,LIQUIDITY_ALARM,telnyx,CRITICAL,Provider telnyx liquidity below $10.00.,Current Balance: $0.00. Immediate top-up required for V6.0 stability.,,,0f8f43ca-e176-4b6c-aa2a-41880f018f04,2026-04-20 00:39:40.444922,
SYSTEM,,,LIQUIDITY_ALARM,5sim,CRITICAL,Provider 5sim liquidity below $10.00.,Current Balance: $1.27. Immediate top-up required for V6.0 stability.,,,c44aaa2d-d175-4b44-b185-5840e92c6a03,2026-04-20 00:39:40.635183,
SYSTEM,,,LIQUIDITY_ALARM,pvapins,CRITICAL,Provider pvapins liquidity below $10.00.,Current Balance: $0.00. Immediate top-up required for V6.0 stability.,,,f91e91fb-da46-48c4-be0b-2969b1fc7315,2026-04-20 00:39:40.639974,
SYSTEM,,,LIQUIDITY_ALARM,textverified,CRITICAL,Provider textverified liquidity below $10.00.,Current Balance: $2.40. Immediate top-up required for V6.0 stability.,,,ad899ebe-09f6-46ac-9a5e-51493b1eaa73,2026-04-20 00:39:40.942364,
SYSTEM,,,LIQUIDITY_ALARM,telnyx,CRITICAL,Provider telnyx liquidity below $10.00.,Current Balance: $0.00. Immediate top-up required for V6.0 stability.,,,69369f68-d47f-47df-aee5-c393c59b7145,2026-04-20 00:39:41.039477,
SYSTEM,,,LIQUIDITY_ALARM,5sim,CRITICAL,Provider 5sim liquidity below $10.00.,Current Balance: $1.27. Immediate top-up required for V6.0 stability.,,,286631a1-0e9a-4ca4-9ac0-36e67851903b,2026-04-20 00:39:41.136757,
SYSTEM,,,LIQUIDITY_ALARM,pvapins,CRITICAL,Provider pvapins liquidity below $10.00.,Current Balance: $0.00. Immediate top-up required for V6.0 stability.,,,4cc23c0b-5514-4ed3-a624-2d53d65a3349,2026-04-20 00:39:41.145326,
SYSTEM,,,LIQUIDITY_ALARM,textverified,CRITICAL,Provider textverified liquidity below $10.00.,Current Balance: $2.40. Immediate top-up required for V6.0 stability.,,,b2dfa240-5ee8-4fdf-b968-f1ff38446646,2026-04-20 00:47:46.71769,
SYSTEM,,,LIQUIDITY_ALARM,telnyx,CRITICAL,Provider telnyx liquidity below $10.00.,Current Balance: $0.00. Immediate top-up required for V6.0 stability.,,,b2209908-4749-40ef-a187-02203acc624a,2026-04-20 00:47:46.909422,
SYSTEM,,,LIQUIDITY_ALARM,5sim,CRITICAL,Provider 5sim liquidity below $10.00.,Current Balance: $1.27. Immediate top-up required for V6.0 stability.,,,19956ae0-bda4-4e0f-b585-d03cb76934fd,2026-04-20 00:47:47.008336,
SYSTEM,,,LIQUIDITY_ALARM,pvapins,CRITICAL,Provider pvapins liquidity below $10.00.,Current Balance: $0.00. Immediate top-up required for V6.0 stability.,,,5eab5f7f-faaf-4665-a179-f107496ae4c0,2026-04-20 00:47:47.01771,
SYSTEM,,,LIQUIDITY_ALARM,textverified,CRITICAL,Provider textverified liquidity below $10.00.,Current Balance: $2.40. Immediate top-up required for V6.0 stability.,,,d4014a65-4648-49d0-a841-077407916fbb,2026-04-20 00:47:49.709508,
SYSTEM,,,LIQUIDITY_ALARM,telnyx,CRITICAL,Provider telnyx liquidity below $10.00.,Current Balance: $0.00. Immediate top-up required for V6.0 stability.,,,259140ea-f97f-421e-a87d-fb39c5ecd62b,2026-04-20 00:47:50.008346,
SYSTEM,,,LIQUIDITY_ALARM,5sim,CRITICAL,Provider 5sim liquidity below $10.00.,Current Balance: $1.27. Immediate top-up required for V6.0 stability.,,,e10ad31e-9662-485c-89e4-61880a3c5d81,2026-04-20 00:47:50.012529,
SYSTEM,,,LIQUIDITY_ALARM,pvapins,CRITICAL,Provider pvapins liquidity below $10.00.,Current Balance: $0.00. Immediate top-up required for V6.0 stability.,,,b358ccfb-d6a3-4282-8220-c73be645b1f5,2026-04-20 00:47:50.108332,
SYSTEM,,,LIQUIDITY_ALARM,textverified,CRITICAL,Provider textverified liquidity below $10.00.,Current Balance: $2.40. Immediate top-up required for V6.0 stability.,,,59e68895-60f1-42ba-9540-34f58c7651d0,2026-04-20 07:26:03.605211,
SYSTEM,,,LIQUIDITY_ALARM,telnyx,CRITICAL,Provider telnyx liquidity below $10.00.,Current Balance: $0.00. Immediate top-up required for V6.0 stability.,,,dc952fb6-a311-4a98-9d1c-e2bdba2526a6,2026-04-20 07:26:03.707684,
SYSTEM,,,LIQUIDITY_ALARM,5sim,CRITICAL,Provider 5sim liquidity below $10.00.,Current Balance: $1.27. Immediate top-up required for V6.0 stability.,,,cd794beb-ba5a-4414-a2f1-cc2ffa8410e6,2026-04-20 07:26:03.711831,
SYSTEM,,,LIQUIDITY_ALARM,textverified,CRITICAL,Provider textverified liquidity below $10.00.,Current Balance: $2.40. Immediate top-up required for V6.0 stability.,,,9290507e-89f7-48eb-a2b5-b1fcc824e487,2026-04-20 07:26:03.711894,
SYSTEM,,,LIQUIDITY_ALARM,pvapins,CRITICAL,Provider pvapins liquidity below $10.00.,Current Balance: $0.00. Immediate top-up required for V6.0 stability.,,,2b084c80-edde-45b8-98cc-184643fe78fd,2026-04-20 07:26:03.805912,
SYSTEM,,,LIQUIDITY_ALARM,telnyx,CRITICAL,Provider telnyx liquidity below $10.00.,Current Balance: $0.00. Immediate top-up required for V6.0 stability.,,,71997939-9f50-45c9-84eb-fdfdba1d24ee,2026-04-20 07:26:03.810417,
SYSTEM,,,LIQUIDITY_ALARM,5sim,CRITICAL,Provider 5sim liquidity below $10.00.,Current Balance: $1.27. Immediate top-up required for V6.0 stability.,,,8a2126b9-baa9-4a16-87f5-2dc06323e6e0,2026-04-20 07:26:03.905134,
SYSTEM,,,LIQUIDITY_ALARM,pvapins,CRITICAL,Provider pvapins liquidity below $10.00.,Current Balance: $0.00. Immediate top-up required for V6.0 stability.,,,5ff75ab7-2ffb-4483-b1e1-acbd84cc3a5f,2026-04-20 07:26:03.921367,
SYSTEM,,,LIQUIDITY_ALARM,textverified,CRITICAL,Provider textverified liquidity below $10.00.,Current Balance: $2.40. Immediate top-up required for V6.0 stability.,,,f133a6e0-5b0c-4de6-b2bc-12ccef7462f5,2026-04-20 07:44:50.441389,
SYSTEM,,,LIQUIDITY_ALARM,telnyx,CRITICAL,Provider telnyx liquidity below $10.00.,Current Balance: $0.00. Immediate top-up required for V6.0 stability.,,,5a2d2fcf-6685-4ac6-b50d-bf1ca4769aaf,2026-04-20 07:44:50.456336,
SYSTEM,,,LIQUIDITY_ALARM,5sim,CRITICAL,Provider 5sim liquidity below $10.00.,Current Balance: $1.27. Immediate top-up required for V6.0 stability.,,,03f3165d-508b-49fa-9004-c66475a1bf3a,2026-04-20 07:44:50.51309,
SYSTEM,,,LIQUIDITY_ALARM,pvapins,CRITICAL,Provider pvapins liquidity below $10.00.,Current Balance: $0.00. Immediate top-up required for V6.0 stability.,,,fcebad86-4958-4949-84e0-b8a104d684f6,2026-04-20 07:44:50.615966,
SYSTEM,,,LIQUIDITY_ALARM,textverified,CRITICAL,Provider textverified liquidity below $10.00.,Current Balance: $2.40. Immediate top-up required for V6.0 stability.,,,8ed09a54-acc2-49ff-88cc-1fb1a4a3c0ca,2026-04-20 07:44:50.707578,
SYSTEM,,,LIQUIDITY_ALARM,telnyx,CRITICAL,Provider telnyx liquidity below $10.00.,Current Balance: $0.00. Immediate top-up required for V6.0 stability.,,,17a288ab-9678-42fd-ac8a-cfc3bd4f4eba,2026-04-20 07:44:50.716209,
SYSTEM,,,LIQUIDITY_ALARM,5sim,CRITICAL,Provider 5sim liquidity below $10.00.,Current Balance: $1.27. Immediate top-up required for V6.0 stability.,,,9f48ba51-a3b7-470a-a2db-d27be05e5bb2,2026-04-20 07:44:50.720768,
SYSTEM,,,LIQUIDITY_ALARM,pvapins,CRITICAL,Provider pvapins liquidity below $10.00.,Current Balance: $0.00. Immediate top-up required for V6.0 stability.,,,82482025-6a2d-48de-8abb-29b66f3805b3,2026-04-20 07:44:50.90747,
SYSTEM,,,LIQUIDITY_ALARM,textverified,CRITICAL,Provider textverified liquidity below $10.00.,Current Balance: $2.40. Immediate top-up required for V6.0 stability.,,,c4557463-2b81-4060-81e9-753ebda2198f,2026-04-20 07:56:49.732964,
SYSTEM,,,LIQUIDITY_ALARM,telnyx,CRITICAL,Provider telnyx liquidity below $10.00.,Current Balance: $0.00. Immediate top-up required for V6.0 stability.,,,2200ad91-c09b-4d67-8066-8e721ed690d1,2026-04-20 07:56:49.83446,
SYSTEM,,,LIQUIDITY_ALARM,5sim,CRITICAL,Provider 5sim liquidity below $10.00.,Current Balance: $1.27. Immediate top-up required for V6.0 stability.,,,4885068c-105e-49df-b9ed-d01ed0b97f9b,2026-04-20 07:56:49.932557,
SYSTEM,,,LIQUIDITY_ALARM,pvapins,CRITICAL,Provider pvapins liquidity below $10.00.,Current Balance: $0.00. Immediate top-up required for V6.0 stability.,,,7924babb-9c04-4df6-b458-d5b4029d49f3,2026-04-20 07:56:49.938856,
SYSTEM,,,LIQUIDITY_ALARM,textverified,CRITICAL,Provider textverified liquidity below $10.00.,Current Balance: $2.40. Immediate top-up required for V6.0 stability.,,,865e3dfd-ba1f-47c1-9410-9b2e599ea64c,2026-04-20 07:56:50.633195,
SYSTEM,,,LIQUIDITY_ALARM,telnyx,CRITICAL,Provider telnyx liquidity below $10.00.,Current Balance: $0.00. Immediate top-up required for V6.0 stability.,,,7a0f405e-6047-43aa-ad20-655954c03bce,2026-04-20 07:56:50.639051,
SYSTEM,,,LIQUIDITY_ALARM,5sim,CRITICAL,Provider 5sim liquidity below $10.00.,Current Balance: $1.27. Immediate top-up required for V6.0 stability.,,,d66d8d66-7a68-4f66-8a8d-ccfc16fc440d,2026-04-20 07:56:50.645195,
SYSTEM,,,LIQUIDITY_ALARM,pvapins,CRITICAL,Provider pvapins liquidity below $10.00.,Current Balance: $0.00. Immediate top-up required for V6.0 stability.,,,684db51f-d045-436b-8d91-217a0bee0f6b,2026-04-20 07:56:50.64912,
SYSTEM,,,LIQUIDITY_ALARM,textverified,CRITICAL,Provider textverified liquidity below $10.00.,Current Balance: $2.40. Immediate top-up required for V6.0 stability.,,,df665b87-7ce1-4b7d-bd29-4d836b613f11,2026-04-20 08:13:44.864592,
SYSTEM,,,LIQUIDITY_ALARM,telnyx,CRITICAL,Provider telnyx liquidity below $10.00.,Current Balance: $0.00. Immediate top-up required for V6.0 stability.,,,ad7c3b8e-2577-427f-a0a1-9ad0d5c291de,2026-04-20 08:13:44.871507,
SYSTEM,,,LIQUIDITY_ALARM,textverified,CRITICAL,Provider textverified liquidity below $10.00.,Current Balance: $2.40. Immediate top-up required for V6.0 stability.,,,6abb3537-7dd7-4d96-b625-ba2aa9cdbaac,2026-04-20 08:13:44.875822,
SYSTEM,,,LIQUIDITY_ALARM,telnyx,CRITICAL,Provider telnyx liquidity below $10.00.,Current Balance: $0.00. Immediate top-up required for V6.0 stability.,,,d4fd49e2-a861-48f1-a8c1-1c10b5a749b2,2026-04-20 08:13:44.98746,
SYSTEM,,,LIQUIDITY_ALARM,5sim,CRITICAL,Provider 5sim liquidity below $10.00.,Current Balance: $1.27. Immediate top-up required for V6.0 stability.,,,604d14d3-226c-4af9-bbdc-f8da9e10b1b6,2026-04-20 08:13:45.052992,
SYSTEM,,,LIQUIDITY_ALARM,5sim,CRITICAL,Provider 5sim liquidity below $10.00.,Current Balance: $1.27. Immediate top-up required for V6.0 stability.,,,aca822a9-f4c5-4b3c-a094-0dfb9241f517,2026-04-20 08:13:45.049925,
SYSTEM,,,LIQUIDITY_ALARM,pvapins,CRITICAL,Provider pvapins liquidity below $10.00.,Current Balance: $0.00. Immediate top-up required for V6.0 stability.,,,ef5407ee-9f26-41ad-9ef2-de89bd6a4f32,2026-04-20 08:13:45.080471,
SYSTEM,,,LIQUIDITY_ALARM,pvapins,CRITICAL,Provider pvapins liquidity below $10.00.,Current Balance: $0.00. Immediate top-up required for V6.0 stability.,,,d17fb478-cbaf-432e-99ee-cfd0e56b950d,2026-04-20 08:13:45.349957,
SYSTEM,,,LIQUIDITY_ALARM,textverified,CRITICAL,Provider textverified liquidity below $10.00.,Current Balance: $2.40. Immediate top-up required for V6.0 stability.,,,229a4c03-8518-4005-b1ed-bd152826953f,2026-04-20 08:41:46.476859,
SYSTEM,,,LIQUIDITY_ALARM,telnyx,CRITICAL,Provider telnyx liquidity below $10.00.,Current Balance: $0.00. Immediate top-up required for V6.0 stability.,,,fecad88e-fc49-470e-85c1-9204f545155f,2026-04-20 08:41:46.57482,
SYSTEM,,,LIQUIDITY_ALARM,5sim,CRITICAL,Provider 5sim liquidity below $10.00.,Current Balance: $1.27. Immediate top-up required for V6.0 stability.,,,4f2f6def-cb42-4e9d-9b6f-110976d25498,2026-04-20 08:41:46.678324,
SYSTEM,,,LIQUIDITY_ALARM,pvapins,CRITICAL,Provider pvapins liquidity below $10.00.,Current Balance: $0.00. Immediate top-up required for V6.0 stability.,,,dd2bd0ea-6939-4eb5-8181-2ec2eb0f5ae1,2026-04-20 08:41:46.682282,
SYSTEM,,,LIQUIDITY_ALARM,textverified,CRITICAL,Provider textverified liquidity below $10.00.,Current Balance: $2.40. Immediate top-up required for V6.0 stability.,,,d2b53bef-8e8f-4aae-88af-562d42aceb6d,2026-04-20 08:41:47.47929,
SYSTEM,,,LIQUIDITY_ALARM,telnyx,CRITICAL,Provider telnyx liquidity below $10.00.,Current Balance: $0.00. Immediate top-up required for V6.0 stability.,,,d45478c1-5a3a-47f4-8808-946ede4a2cc7,2026-04-20 08:41:47.582471,
SYSTEM,,,LIQUIDITY_ALARM,5sim,CRITICAL,Provider 5sim liquidity below $10.00.,Current Balance: $1.27. Immediate top-up required for V6.0 stability.,,,c82a99ac-2c27-424f-919f-800a80fb8bfc,2026-04-20 08:41:47.679378,
SYSTEM,,,LIQUIDITY_ALARM,pvapins,CRITICAL,Provider pvapins liquidity below $10.00.,Current Balance: $0.00. Immediate top-up required for V6.0 stability.,,,6a21061d-82e2-46c1-8d59-627280e8ad25,2026-04-20 08:41:47.776001,
SYSTEM,,,LIQUIDITY_ALARM,textverified,CRITICAL,Provider textverified liquidity below $10.00.,Current Balance: $2.40. Immediate top-up required for V6.0 stability.,,,f39adec0-dbc7-48b8-8b81-cfe6b5b9f74d,2026-04-20 08:48:11.851319,
SYSTEM,,,LIQUIDITY_ALARM,telnyx,CRITICAL,Provider telnyx liquidity below $10.00.,Current Balance: $0.00. Immediate top-up required for V6.0 stability.,,,c7dd2102-d7f8-4898-819b-69161d270244,2026-04-20 08:48:11.954403,
SYSTEM,,,LIQUIDITY_ALARM,5sim,CRITICAL,Provider 5sim liquidity below $10.00.,Current Balance: $1.27. Immediate top-up required for V6.0 stability.,,,c56397dd-1f1f-4e06-8374-e92c0a224136,2026-04-20 08:48:12.048482,
SYSTEM,,,LIQUIDITY_ALARM,pvapins,CRITICAL,Provider pvapins liquidity below $10.00.,Current Balance: $0.00. Immediate top-up required for V6.0 stability.,,,8fd91b44-e4b7-4066-a220-34cccf769961,2026-04-20 08:48:12.055566,
SYSTEM,,,LIQUIDITY_ALARM,textverified,CRITICAL,Provider textverified liquidity below $10.00.,Current Balance: $2.40. Immediate top-up required for V6.0 stability.,,,5c3d9435-a1f3-4fa1-a5ae-c6305f22f681,2026-04-20 08:48:12.152818,
SYSTEM,,,LIQUIDITY_ALARM,telnyx,CRITICAL,Provider telnyx liquidity below $10.00.,Current Balance: $0.00. Immediate top-up required for V6.0 stability.,,,bd022c70-2ca8-4d38-8345-412dd89b9a51,2026-04-20 08:48:12.248531,
SYSTEM,,,LIQUIDITY_ALARM,5sim,CRITICAL,Provider 5sim liquidity below $10.00.,Current Balance: $1.27. Immediate top-up required for V6.0 stability.,,,5dd00dfd-bf8d-49db-8f16-dfe85d4f0579,2026-04-20 08:48:12.350087,
SYSTEM,,,LIQUIDITY_ALARM,pvapins,CRITICAL,Provider pvapins liquidity below $10.00.,Current Balance: $0.00. Immediate top-up required for V6.0 stability.,,,773ce864-5cca-4be1-bd67-3464ffd09238,2026-04-20 08:48:12.354398,
SYSTEM,,,LIQUIDITY_ALARM,textverified,CRITICAL,Provider textverified liquidity below $10.00.,Current Balance: $2.40. Immediate top-up required for V6.0 stability.,,,adde7189-1b7b-464e-9099-0d53de9a5e91,2026-04-20 08:52:22.233288,
SYSTEM,,,LIQUIDITY_ALARM,telnyx,CRITICAL,Provider telnyx liquidity below $10.00.,Current Balance: $0.00. Immediate top-up required for V6.0 stability.,,,b2458624-e3f0-4fe5-b862-323aea22d057,2026-04-20 08:52:22.330112,
SYSTEM,,,LIQUIDITY_ALARM,5sim,CRITICAL,Provider 5sim liquidity below $10.00.,Current Balance: $1.27. Immediate top-up required for V6.0 stability.,,,1e9691a6-87ad-4007-857b-098b362d23b3,2026-04-20 08:52:22.434303,
SYSTEM,,,LIQUIDITY_ALARM,pvapins,CRITICAL,Provider pvapins liquidity below $10.00.,Current Balance: $0.00. Immediate top-up required for V6.0 stability.,,,6efc73bb-ac76-4903-959a-55eac4bc64aa,2026-04-20 08:52:22.533819,
SYSTEM,,,LIQUIDITY_ALARM,textverified,CRITICAL,Provider textverified liquidity below $10.00.,Current Balance: $2.40. Immediate top-up required for V6.0 stability.,,,05d26575-a2cc-483e-83c6-1435715279de,2026-04-20 08:52:22.737548,
SYSTEM,,,LIQUIDITY_ALARM,telnyx,CRITICAL,Provider telnyx liquidity below $10.00.,Current Balance: $0.00. Immediate top-up required for V6.0 stability.,,,6537d566-0e4e-427f-9e34-6df7a3078b40,2026-04-20 08:52:22.830351,
SYSTEM,,,LIQUIDITY_ALARM,5sim,CRITICAL,Provider 5sim liquidity below $10.00.,Current Balance: $1.27. Immediate top-up required for V6.0 stability.,,,977fa209-0465-45bc-b729-a40bc96ce7dc,2026-04-20 08:52:22.834631,
SYSTEM,,,LIQUIDITY_ALARM,pvapins,CRITICAL,Provider pvapins liquidity below $10.00.,Current Balance: $0.00. Immediate top-up required for V6.0 stability.,,,545df70c-0f3a-44c8-a856-2ea07c8e0bb7,2026-04-20 08:52:22.838262,
SYSTEM,,,LIQUIDITY_ALARM,textverified,CRITICAL,Provider textverified liquidity below $10.00.,Current Balance: $2.40. Immediate top-up required for V6.0 stability.,,,c0550168-ecb5-4b9f-b688-598b27f31044,2026-04-20 09:02:13.740463,
SYSTEM,,,LIQUIDITY_ALARM,telnyx,CRITICAL,Provider telnyx liquidity below $10.00.,Current Balance: $0.00. Immediate top-up required for V6.0 stability.,,,3d830c24-9491-4719-8d96-7df7bdd53128,2026-04-20 09:02:13.935986,
SYSTEM,,,LIQUIDITY_ALARM,5sim,CRITICAL,Provider 5sim liquidity below $10.00.,Current Balance: $1.27. Immediate top-up required for V6.0 stability.,,,715e11a0-4075-49fb-bae1-822033d1d70a,2026-04-20 09:02:13.940456,
SYSTEM,,,LIQUIDITY_ALARM,textverified,CRITICAL,Provider textverified liquidity below $10.00.,Current Balance: $2.40. Immediate top-up required for V6.0 stability.,,,5b7ed0d0-1298-4f45-9daf-f25632cc399b,2026-04-20 09:02:13.941978,
SYSTEM,,,LIQUIDITY_ALARM,pvapins,CRITICAL,Provider pvapins liquidity below $10.00.,Current Balance: $0.00. Immediate top-up required for V6.0 stability.,,,24e00d94-5f58-4236-b94f-0119a5da7139,2026-04-20 09:02:13.94577,
SYSTEM,,,LIQUIDITY_ALARM,telnyx,CRITICAL,Provider telnyx liquidity below $10.00.,Current Balance: $0.00. Immediate top-up required for V6.0 stability.,,,c05286e6-800e-455d-96ea-23a3afab5fcc,2026-04-20 09:02:13.947774,
SYSTEM,,,LIQUIDITY_ALARM,5sim,CRITICAL,Provider 5sim liquidity below $10.00.,Current Balance: $1.27. Immediate top-up required for V6.0 stability.,,,c42f040b-cd2a-438c-b1c2-0d8e560a9355,2026-04-20 09:02:14.037872,
SYSTEM,,,LIQUIDITY_ALARM,pvapins,CRITICAL,Provider pvapins liquidity below $10.00.,Current Balance: $0.00. Immediate top-up required for V6.0 stability.,,,c90e5d34-c4f0-4bd8-bbe4-24e7971d3f78,2026-04-20 09:02:14.042606,
SYSTEM,,,LIQUIDITY_ALARM,textverified,CRITICAL,Provider textverified liquidity below $10.00.,Current Balance: $2.40. Immediate top-up required for V6.0 stability.,,,08db84a2-3ab0-42df-a984-1ccc704f740d,2026-04-20 09:13:24.440142,
SYSTEM,,,LIQUIDITY_ALARM,telnyx,CRITICAL,Provider telnyx liquidity below $10.00.,Current Balance: $0.00. Immediate top-up required for V6.0 stability.,,,d16cb988-a8c0-427d-a918-75bf32ed6a1c,2026-04-20 09:13:24.641242,
SYSTEM,,,LIQUIDITY_ALARM,5sim,CRITICAL,Provider 5sim liquidity below $10.00.,Current Balance: $1.27. Immediate top-up required for V6.0 stability.,,,3829f522-e60d-4587-b8ea-c4462f8e2dbe,2026-04-20 09:13:24.736499,
SYSTEM,,,LIQUIDITY_ALARM,pvapins,CRITICAL,Provider pvapins liquidity below $10.00.,Current Balance: $0.00. Immediate top-up required for V6.0 stability.,,,0742b653-c976-48db-a8cc-ef240e9bfff6,2026-04-20 09:13:24.747397,
SYSTEM,,,LIQUIDITY_ALARM,textverified,CRITICAL,Provider textverified liquidity below $10.00.,Current Balance: $2.40. Immediate top-up required for V6.0 stability.,,,e3b45bcf-4dad-4738-a7f6-0063d24944e5,2026-04-20 09:13:24.84714,
SYSTEM,,,LIQUIDITY_ALARM,telnyx,CRITICAL,Provider telnyx liquidity below $10.00.,Current Balance: $0.00. Immediate top-up required for V6.0 stability.,,,56e54bb8-989c-4478-a59c-4a73f721c07d,2026-04-20 09:13:24.936616,
SYSTEM,,,LIQUIDITY_ALARM,5sim,CRITICAL,Provider 5sim liquidity below $10.00.,Current Balance: $1.27. Immediate top-up required for V6.0 stability.,,,9ea672e1-c274-4c8f-ade1-9df2d356a417,2026-04-20 09:13:25.039012,
SYSTEM,,,LIQUIDITY_ALARM,pvapins,CRITICAL,Provider pvapins liquidity below $10.00.,Current Balance: $0.00. Immediate top-up required for V6.0 stability.,,,29764e37-1c85-41b3-a8f5-56df615cdba1,2026-04-20 09:13:25.049298,
SYSTEM,,,LIQUIDITY_ALARM,textverified,CRITICAL,Provider textverified liquidity below $10.00.,Current Balance: $2.40. Immediate top-up required for V6.0 stability.,,,50c91992-9dc7-4c27-9d3e-ed3b53572f31,2026-04-20 09:16:42.405114,
SYSTEM,,,LIQUIDITY_ALARM,telnyx,CRITICAL,Provider telnyx liquidity below $10.00.,Current Balance: $0.00. Immediate top-up required for V6.0 stability.,,,98c189d6-93fd-4542-accc-43bf93d742b6,2026-04-20 09:16:42.652133,
SYSTEM,,,LIQUIDITY_ALARM,5sim,CRITICAL,Provider 5sim liquidity below $10.00.,Current Balance: $1.27. Immediate top-up required for V6.0 stability.,,,33e3a1f3-ef38-4a2b-90ad-47f04bf0f895,2026-04-20 09:16:42.754002,
SYSTEM,,,LIQUIDITY_ALARM,pvapins,CRITICAL,Provider pvapins liquidity below $10.00.,Current Balance: $0.00. Immediate top-up required for V6.0 stability.,,,c86519c8-c208-424a-9836-c67ad116d4c7,2026-04-20 09:16:42.758497,
SYSTEM,,,LIQUIDITY_ALARM,textverified,CRITICAL,Provider textverified liquidity below $10.00.,Current Balance: $2.40. Immediate top-up required for V6.0 stability.,,,af800f2f-e759-4bd1-97a2-bc9b95b1a8b0,2026-04-20 09:16:45.955128,
SYSTEM,,,LIQUIDITY_ALARM,telnyx,CRITICAL,Provider telnyx liquidity below $10.00.,Current Balance: $0.00. Immediate top-up required for V6.0 stability.,,,8a5d1333-41c1-4709-ae92-6da93110c373,2026-04-20 09:16:46.15217,
SYSTEM,,,LIQUIDITY_ALARM,5sim,CRITICAL,Provider 5sim liquidity below $10.00.,Current Balance: $1.27. Immediate top-up required for V6.0 stability.,,,0c9cb4c8-929e-4574-8f13-c13b79355ce1,2026-04-20 09:16:46.159307,
SYSTEM,,,LIQUIDITY_ALARM,pvapins,CRITICAL,Provider pvapins liquidity below $10.00.,Current Balance: $0.00. Immediate top-up required for V6.0 stability.,,,ce823d4d-eba9-4818-b50a-615febf8d228,2026-04-20 09:16:46.167337,
SYSTEM,,,LIQUIDITY_ALARM,textverified,CRITICAL,Provider textverified liquidity below $10.00.,Current Balance: $2.40. Immediate top-up required for V6.0 stability.,,,0ec74a2a-88b0-4650-9585-e7dbae50d992,2026-04-20 09:24:57.730341,
SYSTEM,,,LIQUIDITY_ALARM,textverified,CRITICAL,Provider textverified liquidity below $10.00.,Current Balance: $2.40. Immediate top-up required for V6.0 stability.,,,e93f4cab-ba67-4c88-89cd-1012d744411c,2026-04-20 09:24:57.831378,
SYSTEM,,,LIQUIDITY_ALARM,telnyx,CRITICAL,Provider telnyx liquidity below $10.00.,Current Balance: $0.00. Immediate top-up required for V6.0 stability.,,,2dd4c940-9f0c-40bf-b7dc-b07f20715abf,2026-04-20 09:24:57.838214,
SYSTEM,,,LIQUIDITY_ALARM,5sim,CRITICAL,Provider 5sim liquidity below $10.00.,Current Balance: $1.27. Immediate top-up required for V6.0 stability.,,,78ff4155-ae6a-4785-8090-85af4e0b5f5a,2026-04-20 09:24:57.930933,
SYSTEM,,,LIQUIDITY_ALARM,pvapins,CRITICAL,Provider pvapins liquidity below $10.00.,Current Balance: $0.00. Immediate top-up required for V6.0 stability.,,,7c2bec62-33c4-4087-9355-86278bc84f7b,2026-04-20 09:24:57.93641,
SYSTEM,,,LIQUIDITY_ALARM,telnyx,CRITICAL,Provider telnyx liquidity below $10.00.,Current Balance: $0.00. Immediate top-up required for V6.0 stability.,,,11c284e3-4085-4e96-b43a-029036d13650,2026-04-20 09:24:57.931768,
SYSTEM,,,LIQUIDITY_ALARM,5sim,CRITICAL,Provider 5sim liquidity below $10.00.,Current Balance: $1.27. Immediate top-up required for V6.0 stability.,,,d12516fb-6725-4be3-9918-48c8b63a7423,2026-04-20 09:24:57.938375,
SYSTEM,,,LIQUIDITY_ALARM,pvapins,CRITICAL,Provider pvapins liquidity below $10.00.,Current Balance: $0.00. Immediate top-up required for V6.0 stability.,,,870d4533-b3e8-48da-a4e7-60d8fb704dd0,2026-04-20 09:24:58.032392,
SYSTEM,,,LIQUIDITY_ALARM,textverified,CRITICAL,Provider textverified liquidity below $10.00.,Current Balance: $2.40. Immediate top-up required for V6.0 stability.,,,b4d3d7e6-423d-4129-9eac-0c2e5c7c802b,2026-04-20 09:33:29.446813,
SYSTEM,,,LIQUIDITY_ALARM,telnyx,CRITICAL,Provider telnyx liquidity below $10.00.,Current Balance: $0.00. Immediate top-up required for V6.0 stability.,,,eb420d00-8801-4836-b130-a70b5979bf18,2026-04-20 09:33:29.547356,
SYSTEM,,,LIQUIDITY_ALARM,textverified,CRITICAL,Provider textverified liquidity below $10.00.,Current Balance: $2.40. Immediate top-up required for V6.0 stability.,,,31a6f741-1d08-4632-be68-354d0cd4b3d1,2026-04-20 09:33:29.64898,
SYSTEM,,,LIQUIDITY_ALARM,5sim,CRITICAL,Provider 5sim liquidity below $10.00.,Current Balance: $1.27. Immediate top-up required for V6.0 stability.,,,a3da3c29-56a4-419b-9e27-046d65cf0935,2026-04-20 09:33:29.655407,
SYSTEM,,,LIQUIDITY_ALARM,telnyx,CRITICAL,Provider telnyx liquidity below $10.00.,Current Balance: $0.00. Immediate top-up required for V6.0 stability.,,,17a0ddf1-df5b-4c8a-908e-508f747fbdc3,2026-04-20 09:33:29.66079,
SYSTEM,,,LIQUIDITY_ALARM,pvapins,CRITICAL,Provider pvapins liquidity below $10.00.,Current Balance: $0.00. Immediate top-up required for V6.0 stability.,,,27db69ce-0e5f-4941-91ed-6815b2ab0b22,2026-04-20 09:33:29.738831,
SYSTEM,,,LIQUIDITY_ALARM,5sim,CRITICAL,Provider 5sim liquidity below $10.00.,Current Balance: $1.27. Immediate top-up required for V6.0 stability.,,,95fe8516-5272-4497-b61c-a4d4369ceba4,2026-04-20 09:33:29.739178,
SYSTEM,,,LIQUIDITY_ALARM,pvapins,CRITICAL,Provider pvapins liquidity below $10.00.,Current Balance: $0.00. Immediate top-up required for V6.0 stability.,,,0a97e41c-bcf6-4d78-96f6-9b98393f2f5e,2026-04-20 09:33:29.753976,
SYSTEM,,,LIQUIDITY_ALARM,textverified,CRITICAL,Provider textverified liquidity below $10.00.,Current Balance: $2.40. Immediate top-up required for V6.0 stability.,,,b858cf9f-5988-4be3-a891-fbf670a3bf6c,2026-04-20 09:38:29.84056,
SYSTEM,,,LIQUIDITY_ALARM,telnyx,CRITICAL,Provider telnyx liquidity below $10.00.,Current Balance: $0.00. Immediate top-up required for V6.0 stability.,,,4869afeb-9319-40d3-b9ef-915a894a4fc5,2026-04-20 09:38:29.942204,
SYSTEM,,,LIQUIDITY_ALARM,5sim,CRITICAL,Provider 5sim liquidity below $10.00.,Current Balance: $1.27. Immediate top-up required for V6.0 stability.,,,7aa82100-a009-4362-86a9-af002abbe22e,2026-04-20 09:38:30.040805,
SYSTEM,,,LIQUIDITY_ALARM,pvapins,CRITICAL,Provider pvapins liquidity below $10.00.,Current Balance: $0.00. Immediate top-up required for V6.0 stability.,,,a17fa262-4d37-4113-b46c-79406aeea8af,2026-04-20 09:38:30.047346,
SYSTEM,,,LIQUIDITY_ALARM,textverified,CRITICAL,Provider textverified liquidity below $10.00.,Current Balance: $2.40. Immediate top-up required for V6.0 stability.,,,3425cf8f-2846-45f3-9679-667aa4c47027,2026-04-20 09:38:32.242125,
SYSTEM,,,LIQUIDITY_ALARM,telnyx,CRITICAL,Provider telnyx liquidity below $10.00.,Current Balance: $0.00. Immediate top-up required for V6.0 stability.,,,2481f035-c8a9-495b-9db6-96c3066d36d0,2026-04-20 09:38:32.338333,
SYSTEM,,,LIQUIDITY_ALARM,5sim,CRITICAL,Provider 5sim liquidity below $10.00.,Current Balance: $1.27. Immediate top-up required for V6.0 stability.,,,753c54a2-1f5d-407a-989e-e9aea8addbd0,2026-04-20 09:38:32.345463,
SYSTEM,,,LIQUIDITY_ALARM,pvapins,CRITICAL,Provider pvapins liquidity below $10.00.,Current Balance: $0.00. Immediate top-up required for V6.0 stability.,,,1fd84f85-85b1-4902-a69c-8e98aa62fe78,2026-04-20 09:38:32.443549,
SYSTEM,,,LIQUIDITY_ALARM,textverified,CRITICAL,Provider textverified liquidity below $10.00.,Current Balance: $2.40. Immediate top-up required for V6.0 stability.,,,621853ef-9f2a-408e-a968-4e19a0c7e8f8,2026-04-20 09:48:12.028815,
SYSTEM,,,LIQUIDITY_ALARM,telnyx,CRITICAL,Provider telnyx liquidity below $10.00.,Current Balance: $0.00. Immediate top-up required for V6.0 stability.,,,ee39a1d4-ed71-49d4-9416-cdad11c69a80,2026-04-20 09:48:12.326423,
SYSTEM,,,LIQUIDITY_ALARM,5sim,CRITICAL,Provider 5sim liquidity below $10.00.,Current Balance: $1.27. Immediate top-up required for V6.0 stability.,,,a319f2b3-581c-46ec-88b3-e4230ec79d2a,2026-04-20 09:48:12.332261,
SYSTEM,,,LIQUIDITY_ALARM,pvapins,CRITICAL,Provider pvapins liquidity below $10.00.,Current Balance: $0.00. Immediate top-up required for V6.0 stability.,,,80cb0087-9159-432a-b7c3-0722670a96b6,2026-04-20 09:48:12.42985,
SYSTEM,,,LIQUIDITY_ALARM,textverified,CRITICAL,Provider textverified liquidity below $10.00.,Current Balance: $2.40. Immediate top-up required for V6.0 stability.,,,b13903bc-1dcc-4825-b28a-20760802a909,2026-04-20 09:48:12.429335,
SYSTEM,,,LIQUIDITY_ALARM,telnyx,CRITICAL,Provider telnyx liquidity below $10.00.,Current Balance: $0.00. Immediate top-up required for V6.0 stability.,,,b2669b2c-84a4-4709-9e1e-e306d2ebb42b,2026-04-20 09:48:12.526041,
SYSTEM,,,LIQUIDITY_ALARM,5sim,CRITICAL,Provider 5sim liquidity below $10.00.,Current Balance: $1.27. Immediate top-up required for V6.0 stability.,,,abb324ed-dc22-4a33-a2f3-980e3e1d2045,2026-04-20 09:48:12.530457,
SYSTEM,,,LIQUIDITY_ALARM,pvapins,CRITICAL,Provider pvapins liquidity below $10.00.,Current Balance: $0.00. Immediate top-up required for V6.0 stability.,,,ec048b5f-0424-41db-bf32-a7f76f9805a7,2026-04-20 09:48:12.627542,
SYSTEM,,,LIQUIDITY_ALARM,textverified,CRITICAL,Provider textverified liquidity below $10.00.,Current Balance: $2.40. Immediate top-up required for V6.0 stability.,,,c3ddd7e4-f07d-43c5-87db-7424d82205ed,2026-04-20 09:51:44.906437,
SYSTEM,,,LIQUIDITY_ALARM,telnyx,CRITICAL,Provider telnyx liquidity below $10.00.,Current Balance: $0.00. Immediate top-up required for V6.0 stability.,,,7504bc50-4241-4c38-b9ca-9b6e0dddca22,2026-04-20 09:51:44.974478,
SYSTEM,,,LIQUIDITY_ALARM,textverified,CRITICAL,Provider textverified liquidity below $10.00.,Current Balance: $2.40. Immediate top-up required for V6.0 stability.,,,699c8dd6-21ba-4734-b4eb-b164d2e2326f,2026-04-20 09:51:44.976997,
SYSTEM,,,LIQUIDITY_ALARM,5sim,CRITICAL,Provider 5sim liquidity below $10.00.,Current Balance: $1.27. Immediate top-up required for V6.0 stability.,,,b237b087-89d7-4047-84b4-5498362e3786,2026-04-20 09:51:44.980177,
SYSTEM,,,LIQUIDITY_ALARM,telnyx,CRITICAL,Provider telnyx liquidity below $10.00.,Current Balance: $0.00. Immediate top-up required for V6.0 stability.,,,fd79035a-cb89-4c14-a965-b1a593f68e79,2026-04-20 09:51:44.982562,
SYSTEM,,,LIQUIDITY_ALARM,5sim,CRITICAL,Provider 5sim liquidity below $10.00.,Current Balance: $1.27. Immediate top-up required for V6.0 stability.,,,4171eaf4-7928-47a0-805d-1e01c2bd41d5,2026-04-20 09:51:44.987871,
SYSTEM,,,LIQUIDITY_ALARM,pvapins,CRITICAL,Provider pvapins liquidity below $10.00.,Current Balance: $0.00. Immediate top-up required for V6.0 stability.,,,bdf9490e-fab4-48ad-8453-60ac97317e9e,2026-04-20 09:51:44.994883,
SYSTEM,,,LIQUIDITY_ALARM,pvapins,CRITICAL,Provider pvapins liquidity below $10.00.,Current Balance: $0.00. Immediate top-up required for V6.0 stability.,,,55dc4ee1-f840-489d-b174-cd1d9ad43946,2026-04-20 09:51:44.986571,
SYSTEM,,,LIQUIDITY_ALARM,textverified,CRITICAL,Provider textverified liquidity below $10.00.,Current Balance: $2.40. Immediate top-up required for V6.0 stability.,,,752b2d5d-251e-47b5-be8f-0d77c64ccc2b,2026-04-20 10:11:22.889342,
SYSTEM,,,LIQUIDITY_ALARM,telnyx,CRITICAL,Provider telnyx liquidity below $10.00.,Current Balance: $0.00. Immediate top-up required for V6.0 stability.,,,66c7b1e9-c97b-4c9c-91e2-7f4ec106c805,2026-04-20 10:11:22.896068,
SYSTEM,,,LIQUIDITY_ALARM,5sim,CRITICAL,Provider 5sim liquidity below $10.00.,Current Balance: $1.27. Immediate top-up required for V6.0 stability.,,,1860d8de-a371-4b75-8d9f-edb5dd918d29,2026-04-20 10:11:22.900281,
SYSTEM,,,LIQUIDITY_ALARM,pvapins,CRITICAL,Provider pvapins liquidity below $10.00.,Current Balance: $0.00. Immediate top-up required for V6.0 stability.,,,ddfa0bc9-163a-42ce-88a0-0d2f2327fc95,2026-04-20 10:11:22.904085,
SYSTEM,,,LIQUIDITY_ALARM,textverified,CRITICAL,Provider textverified liquidity below $10.00.,Current Balance: $2.40. Immediate top-up required for V6.0 stability.,,,1b51e65a-034d-4b54-9e28-1b34328bd7eb,2026-04-20 10:11:22.989133,
SYSTEM,,,LIQUIDITY_ALARM,telnyx,CRITICAL,Provider telnyx liquidity below $10.00.,Current Balance: $0.00. Immediate top-up required for V6.0 stability.,,,6193dff3-5eda-40bb-879d-e50f50671f69,2026-04-20 10:11:22.998901,
SYSTEM,,,LIQUIDITY_ALARM,5sim,CRITICAL,Provider 5sim liquidity below $10.00.,Current Balance: $1.27. Immediate top-up required for V6.0 stability.,,,24a4155c-dbd7-4756-b8ed-8cae013726c5,2026-04-20 10:11:23.003799,
SYSTEM,,,LIQUIDITY_ALARM,pvapins,CRITICAL,Provider pvapins liquidity below $10.00.,Current Balance: $0.00. Immediate top-up required for V6.0 stability.,,,21aafad2-7c0e-4896-8770-a14d8b034657,2026-04-20 10:11:23.009109,
SYSTEM,,,LIQUIDITY_ALARM,textverified,CRITICAL,Provider textverified liquidity below $10.00.,Current Balance: $2.40. Immediate top-up required for V6.0 stability.,,,e57e16bf-0bec-4569-b585-14359ac5b70d,2026-04-20 12:09:42.423305,
SYSTEM,,,LIQUIDITY_ALARM,telnyx,CRITICAL,Provider telnyx liquidity below $10.00.,Current Balance: $0.00. Immediate top-up required for V6.0 stability.,,,82de152f-2ae8-407e-a281-9720ef7fa4ab,2026-04-20 12:09:42.521808,
SYSTEM,,,LIQUIDITY_ALARM,5sim,CRITICAL,Provider 5sim liquidity below $10.00.,Current Balance: $1.27. Immediate top-up required for V6.0 stability.,,,45511c1a-1d0b-4489-89dd-1723c2bb99ff,2026-04-20 12:09:42.621929,
SYSTEM,,,LIQUIDITY_ALARM,pvapins,CRITICAL,Provider pvapins liquidity below $10.00.,Current Balance: $0.00. Immediate top-up required for V6.0 stability.,,,1dce3997-f202-42a7-955d-7e8f88ab7566,2026-04-20 12:09:42.626982,
SYSTEM,,,LIQUIDITY_ALARM,textverified,CRITICAL,Provider textverified liquidity below $10.00.,Current Balance: $2.40. Immediate top-up required for V6.0 stability.,,,b378c848-e745-429a-9c9e-50dc73d1c3a5,2026-04-20 12:09:42.921786,
SYSTEM,,,LIQUIDITY_ALARM,telnyx,CRITICAL,Provider telnyx liquidity below $10.00.,Current Balance: $0.00. Immediate top-up required for V6.0 stability.,,,d3aad897-35fa-4d4d-91cb-dedb0144d72c,2026-04-20 12:09:42.928694,
SYSTEM,,,LIQUIDITY_ALARM,5sim,CRITICAL,Provider 5sim liquidity below $10.00.,Current Balance: $1.27. Immediate top-up required for V6.0 stability.,,,bba60bc7-a8d4-4022-baca-0cad1b885a21,2026-04-20 12:09:43.121347,
SYSTEM,,,LIQUIDITY_ALARM,pvapins,CRITICAL,Provider pvapins liquidity below $10.00.,Current Balance: $0.00. Immediate top-up required for V6.0 stability.,,,ce5e4158-f2d7-47b6-bccd-d02c39d587fe,2026-04-20 12:09:43.125761,
SYSTEM,,,LIQUIDITY_ALARM,textverified,CRITICAL,Provider textverified liquidity below $10.00.,Current Balance: $2.40. Immediate top-up required for V6.0 stability.,,,36a77d63-0106-430f-9b27-8f6840a381af,2026-04-20 18:23:56.118222,
SYSTEM,,,LIQUIDITY_ALARM,telnyx,CRITICAL,Provider telnyx liquidity below $10.00.,Current Balance: $0.00. Immediate top-up required for V6.0 stability.,,,2d9b17a3-f258-42ec-bb3d-9e60e45933bf,2026-04-20 18:23:56.189543,
SYSTEM,,,LIQUIDITY_ALARM,5sim,CRITICAL,Provider 5sim liquidity below $10.00.,Current Balance: $1.27. Immediate top-up required for V6.0 stability.,,,56f0cba3-a6fa-4e59-aab7-d11edc988425,2026-04-20 18:23:56.193161,
SYSTEM,,,LIQUIDITY_ALARM,pvapins,CRITICAL,Provider pvapins liquidity below $10.00.,Current Balance: $0.00. Immediate top-up required for V6.0 stability.,,,57b885cb-abb5-4d33-9128-f0b2c0d92566,2026-04-20 18:23:56.28958,
SYSTEM,,,LIQUIDITY_ALARM,textverified,CRITICAL,Provider textverified liquidity below $10.00.,Current Balance: $2.40. Immediate top-up required for V6.0 stability.,,,0664bffa-eeae-4959-8119-9196d975fb3f,2026-04-20 18:23:56.327708,
SYSTEM,,,LIQUIDITY_ALARM,telnyx,CRITICAL,Provider telnyx liquidity below $10.00.,Current Balance: $0.00. Immediate top-up required for V6.0 stability.,,,193aeaab-4f63-43a8-9e75-5edb8da45011,2026-04-20 18:23:56.336575,
SYSTEM,,,LIQUIDITY_ALARM,5sim,CRITICAL,Provider 5sim liquidity below $10.00.,Current Balance: $1.27. Immediate top-up required for V6.0 stability.,,,de1a859c-b216-4ab8-ac1f-b24b6f3cc623,2026-04-20 18:23:56.430741,
SYSTEM,,,LIQUIDITY_ALARM,pvapins,CRITICAL,Provider pvapins liquidity below $10.00.,Current Balance: $0.00. Immediate top-up required for V6.0 stability.,,,39db7f65-577f-4783-bc5b-20a80c3a0ff6,2026-04-20 18:23:56.435021,
SYSTEM,,,LIQUIDITY_ALARM,textverified,CRITICAL,Provider textverified liquidity below $10.00.,Current Balance: $2.40. Immediate top-up required for V6.0 stability.,,,305414e1-31e2-42e6-94c1-ba327ea24535,2026-04-20 21:28:33.436723,
SYSTEM,,,LIQUIDITY_ALARM,telnyx,CRITICAL,Provider telnyx liquidity below $10.00.,Current Balance: $0.00. Immediate top-up required for V6.0 stability.,,,bbce01c3-b157-4f98-a0c7-c7e15d722b38,2026-04-20 21:28:33.442267,
SYSTEM,,,LIQUIDITY_ALARM,5sim,CRITICAL,Provider 5sim liquidity below $10.00.,Current Balance: $1.27. Immediate top-up required for V6.0 stability.,,,6669b3c9-d63c-4881-8f25-eb229888bfdf,2026-04-20 21:28:33.488998,
SYSTEM,,,LIQUIDITY_ALARM,pvapins,CRITICAL,Provider pvapins liquidity below $10.00.,Current Balance: $0.00. Immediate top-up required for V6.0 stability.,,,20de96f7-d90c-46f2-8448-010693cfbba0,2026-04-20 21:28:33.694163,
SYSTEM,,,LIQUIDITY_ALARM,textverified,CRITICAL,Provider textverified liquidity below $10.00.,Current Balance: $2.40. Immediate top-up required for V6.0 stability.,,,bc1f4e6d-2f15-469a-b361-24fc7385363b,2026-04-20 21:28:36.790551,
SYSTEM,,,LIQUIDITY_ALARM,telnyx,CRITICAL,Provider telnyx liquidity below $10.00.,Current Balance: $0.00. Immediate top-up required for V6.0 stability.,,,73cbe2be-8d47-4538-a415-f11ff8d4cbdd,2026-04-20 21:28:36.89052,
SYSTEM,,,LIQUIDITY_ALARM,5sim,CRITICAL,Provider 5sim liquidity below $10.00.,Current Balance: $1.27. Immediate top-up required for V6.0 stability.,,,08115e9b-418d-4776-913a-0631ae41b682,2026-04-20 21:28:36.990582,
SYSTEM,,,LIQUIDITY_ALARM,pvapins,CRITICAL,Provider pvapins liquidity below $10.00.,Current Balance: $0.00. Immediate top-up required for V6.0 stability.,,,8b7f6faa-d157-4f53-a1f5-98c398995362,2026-04-20 21:28:36.999496,
SYSTEM,,,LIQUIDITY_ALARM,textverified,CRITICAL,Provider textverified liquidity below $10.00.,Current Balance: $2.40. Immediate top-up required for V6.0 stability.,,,8319111e-8db1-454e-933d-baaaad9a18de,2026-04-21 03:55:18.720637,
SYSTEM,,,LIQUIDITY_ALARM,telnyx,CRITICAL,Provider telnyx liquidity below $10.00.,Current Balance: $0.00. Immediate top-up required for V6.0 stability.,,,d32c31ce-3acb-41f3-8c76-9f63e8fbe4ce,2026-04-21 03:55:18.726233,
SYSTEM,,,LIQUIDITY_ALARM,5sim,CRITICAL,Provider 5sim liquidity below $10.00.,Current Balance: $1.27. Immediate top-up required for V6.0 stability.,,,9d8052ab-752c-42f5-bf38-438cd579f91b,2026-04-21 03:55:18.819376,
SYSTEM,,,LIQUIDITY_ALARM,pvapins,CRITICAL,Provider pvapins liquidity below $10.00.,Current Balance: $0.00. Immediate top-up required for V6.0 stability.,,,a25307ac-92ce-4c82-8a5e-cd0baf1d286a,2026-04-21 03:55:18.82406,
SYSTEM,,,LIQUIDITY_ALARM,textverified,CRITICAL,Provider textverified liquidity below $10.00.,Current Balance: $2.40. Immediate top-up required for V6.0 stability.,,,1aec682c-9039-4fa1-b90b-69d682abd568,2026-04-21 03:55:21.220092,
SYSTEM,,,LIQUIDITY_ALARM,telnyx,CRITICAL,Provider telnyx liquidity below $10.00.,Current Balance: $0.00. Immediate top-up required for V6.0 stability.,,,4bc26eb2-5ac7-4687-a19d-0df3bb008274,2026-04-21 03:55:21.31871,
SYSTEM,,,LIQUIDITY_ALARM,5sim,CRITICAL,Provider 5sim liquidity below $10.00.,Current Balance: $1.27. Immediate top-up required for V6.0 stability.,,,c2b24be4-5aae-4fe8-b2bc-49039d3ab88a,2026-04-21 03:55:21.327194,
SYSTEM,,,LIQUIDITY_ALARM,pvapins,CRITICAL,Provider pvapins liquidity below $10.00.,Current Balance: $0.00. Immediate top-up required for V6.0 stability.,,,f616b126-808b-4913-a7ad-52ac0f331180,2026-04-21 03:55:21.420966,
SYSTEM,,,LIQUIDITY_ALARM,textverified,CRITICAL,Provider textverified liquidity below $10.00.,Current Balance: $2.40. Immediate top-up required for V6.0 stability.,,,205fd5a7-8478-4c6c-8e7d-74b31998ae28,2026-04-22 20:15:15.796037,
SYSTEM,,,LIQUIDITY_ALARM,telnyx,CRITICAL,Provider telnyx liquidity below $10.00.,Current Balance: $0.00. Immediate top-up required for V6.0 stability.,,,21b368a1-ad75-4ee9-bd81-26980f49bbbe,2026-04-22 20:15:15.895352,
SYSTEM,,,LIQUIDITY_ALARM,5sim,CRITICAL,Provider 5sim liquidity below $10.00.,Current Balance: $1.27. Immediate top-up required for V6.0 stability.,,,0de01164-9d07-40aa-8407-60f5d8da6b80,2026-04-22 20:15:16.109999,
SYSTEM,,,LIQUIDITY_ALARM,pvapins,CRITICAL,Provider pvapins liquidity below $10.00.,Current Balance: $0.00. Immediate top-up required for V6.0 stability.,,,7f7dc8c4-9526-4f95-a337-fddba76be1f4,2026-04-22 20:15:16.210668,
SYSTEM,,,LIQUIDITY_ALARM,textverified,CRITICAL,Provider textverified liquidity below $10.00.,Current Balance: $2.40. Immediate top-up required for V6.0 stability.,,,69b9e6a9-d91d-4125-8463-1de783f13e88,2026-04-22 20:15:18.895608,
SYSTEM,,,LIQUIDITY_ALARM,telnyx,CRITICAL,Provider telnyx liquidity below $10.00.,Current Balance: $0.00. Immediate top-up required for V6.0 stability.,,,92e5c710-962e-4048-8bf6-096a1744f832,2026-04-22 20:15:19.100409,
SYSTEM,,,LIQUIDITY_ALARM,5sim,CRITICAL,Provider 5sim liquidity below $10.00.,Current Balance: $1.27. Immediate top-up required for V6.0 stability.,,,5a38e72a-eb73-4146-8cbe-af1b237a29a5,2026-04-22 20:15:19.207055,
SYSTEM,,,LIQUIDITY_ALARM,pvapins,CRITICAL,Provider pvapins liquidity below $10.00.,Current Balance: $0.00. Immediate top-up required for V6.0 stability.,,,f5c67f66-c2ce-47e1-99a7-cdfe0d8252c9,2026-04-22 20:15:19.396906,
SYSTEM,,,LIQUIDITY_ALARM,textverified,CRITICAL,Provider textverified liquidity below $10.00.,Current Balance: $2.40. Immediate top-up required for V6.0 stability.,,,53cc89fb-0c69-4756-86d2-f81d3cd78e49,2026-04-23 02:33:11.452939,
SYSTEM,,,LIQUIDITY_ALARM,telnyx,CRITICAL,Provider telnyx liquidity below $10.00.,Current Balance: $0.00. Immediate top-up required for V6.0 stability.,,,ae516835-4d70-4a6f-aae8-c818987abe13,2026-04-23 02:33:11.555028,
SYSTEM,,,LIQUIDITY_ALARM,5sim,CRITICAL,Provider 5sim liquidity below $10.00.,Current Balance: $1.27. Immediate top-up required for V6.0 stability.,,,fa169d4d-c362-485c-8748-7604edb1cfb0,2026-04-23 02:33:11.562664,
SYSTEM,,,LIQUIDITY_ALARM,pvapins,CRITICAL,Provider pvapins liquidity below $10.00.,Current Balance: $0.00. Immediate top-up required for V6.0 stability.,,,c002a202-bf35-4e54-8ea1-3697c9e07a91,2026-04-23 02:33:11.653181,
SYSTEM,,,LIQUIDITY_ALARM,textverified,CRITICAL,Provider textverified liquidity below $10.00.,Current Balance: $2.40. Immediate top-up required for V6.0 stability.,,,e4e21d7b-07f7-4905-a77c-d25a63e757fe,2026-04-23 02:33:12.252115,
SYSTEM,,,LIQUIDITY_ALARM,telnyx,CRITICAL,Provider telnyx liquidity below $10.00.,Current Balance: $0.00. Immediate top-up required for V6.0 stability.,,,6b900665-66c2-4411-b606-f0069d6020f0,2026-04-23 02:33:12.355864,
SYSTEM,,,LIQUIDITY_ALARM,5sim,CRITICAL,Provider 5sim liquidity below $10.00.,Current Balance: $1.27. Immediate top-up required for V6.0 stability.,,,32f19106-76f7-4b22-b772-1ac037297d61,2026-04-23 02:33:12.361289,
SYSTEM,,,LIQUIDITY_ALARM,pvapins,CRITICAL,Provider pvapins liquidity below $10.00.,Current Balance: $0.00. Immediate top-up required for V6.0 stability.,,,fe75a75b-cde3-4125-a250-b9aaf10bec3d,2026-04-23 02:33:12.451966,
SYSTEM,,,LIQUIDITY_ALARM,textverified,CRITICAL,Provider textverified liquidity below $10.00.,Current Balance: $2.40. Immediate top-up required for V6.0 stability.,,,391b9887-80a1-48a3-acf7-27b4626d837f,2026-04-23 07:57:47.042825,
SYSTEM,,,LIQUIDITY_ALARM,telnyx,CRITICAL,Provider telnyx liquidity below $10.00.,Current Balance: $0.00. Immediate top-up required for V6.0 stability.,,,54cc2370-1561-4395-b3af-c11cb2dc9f43,2026-04-23 07:57:47.14298,
SYSTEM,,,LIQUIDITY_ALARM,5sim,CRITICAL,Provider 5sim liquidity below $10.00.,Current Balance: $1.27. Immediate top-up required for V6.0 stability.,,,5cdc71bb-b4f3-4949-bd61-f17b8949ba58,2026-04-23 07:57:47.241213,
SYSTEM,,,LIQUIDITY_ALARM,pvapins,CRITICAL,Provider pvapins liquidity below $10.00.,Current Balance: $0.00. Immediate top-up required for V6.0 stability.,,,15918942-9e73-4bb8-904a-9e123e43737d,2026-04-23 07:57:47.247181,
SYSTEM,,,LIQUIDITY_ALARM,textverified,CRITICAL,Provider textverified liquidity below $10.00.,Current Balance: $2.40. Immediate top-up required for V6.0 stability.,,,ca4e63c3-ec93-43d7-9b22-1233ba07d281,2026-04-23 07:57:49.242163,
SYSTEM,,,LIQUIDITY_ALARM,telnyx,CRITICAL,Provider telnyx liquidity below $10.00.,Current Balance: $0.00. Immediate top-up required for V6.0 stability.,,,05b0f936-8ea6-4555-89c9-73d21a9660a0,2026-04-23 07:57:49.2471,
SYSTEM,,,LIQUIDITY_ALARM,5sim,CRITICAL,Provider 5sim liquidity below $10.00.,Current Balance: $1.27. Immediate top-up required for V6.0 stability.,,,2d916691-559c-4fdf-b070-6d6e29a5f97c,2026-04-23 07:57:49.441333,
SYSTEM,,,LIQUIDITY_ALARM,pvapins,CRITICAL,Provider pvapins liquidity below $10.00.,Current Balance: $0.00. Immediate top-up required for V6.0 stability.,,,2dd5ee4a-6715-4834-907f-01d070c2be6a,2026-04-23 07:57:49.445597,
SYSTEM,,,LIQUIDITY_ALARM,textverified,CRITICAL,Provider textverified liquidity below $10.00.,Current Balance: $2.40. Immediate top-up required for V6.0 stability.,,,3893b072-72f9-45a0-a4b7-e05eb8fc698f,2026-04-23 11:12:36.13546,
SYSTEM,,,LIQUIDITY_ALARM,telnyx,CRITICAL,Provider telnyx liquidity below $10.00.,Current Balance: $0.00. Immediate top-up required for V6.0 stability.,,,45d5ce92-88fb-4f92-8e65-3d58278024fe,2026-04-23 11:12:36.231669,
SYSTEM,,,LIQUIDITY_ALARM,5sim,CRITICAL,Provider 5sim liquidity below $10.00.,Current Balance: $1.27. Immediate top-up required for V6.0 stability.,,,4ea43702-35e4-4971-8cf5-17ff10915a8b,2026-04-23 11:12:36.325949,
SYSTEM,,,LIQUIDITY_ALARM,pvapins,CRITICAL,Provider pvapins liquidity below $10.00.,Current Balance: $0.00. Immediate top-up required for V6.0 stability.,,,ecc73fb1-29fc-4cb8-a66e-be46ca07c575,2026-04-23 11:12:36.332611,
SYSTEM,,,LIQUIDITY_ALARM,textverified,CRITICAL,Provider textverified liquidity below $10.00.,Current Balance: $2.40. Immediate top-up required for V6.0 stability.,,,fb35e4d6-b880-4ba0-a65f-e72204973f49,2026-04-23 11:12:40.528123,
SYSTEM,,,LIQUIDITY_ALARM,telnyx,CRITICAL,Provider telnyx liquidity below $10.00.,Current Balance: $0.00. Immediate top-up required for V6.0 stability.,,,5910e4cb-bb4b-47bd-a6b6-74b81eb36fb4,2026-04-23 11:12:40.536966,
SYSTEM,,,LIQUIDITY_ALARM,5sim,CRITICAL,Provider 5sim liquidity below $10.00.,Current Balance: $1.27. Immediate top-up required for V6.0 stability.,,,96c05592-be6e-4ff3-ad83-51bdc84630b8,2026-04-23 11:12:40.541349,
SYSTEM,,,LIQUIDITY_ALARM,pvapins,CRITICAL,Provider pvapins liquidity below $10.00.,Current Balance: $0.00. Immediate top-up required for V6.0 stability.,,,18f8dcf1-83d8-499f-9674-8a9f48b481c4,2026-04-23 11:12:40.54762,
SYSTEM,,,LIQUIDITY_ALARM,textverified,CRITICAL,Provider textverified liquidity below $10.00.,Current Balance: $2.40. Immediate top-up required for V6.0 stability.,,,aca5aee1-d414-407b-a7ee-3d64f27fc640,2026-04-23 11:15:31.929009,
SYSTEM,,,LIQUIDITY_ALARM,telnyx,CRITICAL,Provider telnyx liquidity below $10.00.,Current Balance: $0.00. Immediate top-up required for V6.0 stability.,,,cd759b05-cc61-40c2-9d9e-2e5bd1cc1aae,2026-04-23 11:15:32.026179,
SYSTEM,,,LIQUIDITY_ALARM,5sim,CRITICAL,Provider 5sim liquidity below $10.00.,Current Balance: $1.27. Immediate top-up required for V6.0 stability.,,,fc436718-d326-4ca0-8c35-882f5c2c7d5c,2026-04-23 11:15:32.124862,
SYSTEM,,,LIQUIDITY_ALARM,pvapins,CRITICAL,Provider pvapins liquidity below $10.00.,Current Balance: $0.00. Immediate top-up required for V6.0 stability.,,,330fe2f3-6af4-4fdd-8b80-a2f2468e917c,2026-04-23 11:15:32.230601,
SYSTEM,,,LIQUIDITY_ALARM,textverified,CRITICAL,Provider textverified liquidity below $10.00.,Current Balance: $2.40. Immediate top-up required for V6.0 stability.,,,ed4146f1-9d4b-480f-a364-453e525f6d49,2026-04-23 11:15:32.52907,
SYSTEM,,,LIQUIDITY_ALARM,telnyx,CRITICAL,Provider telnyx liquidity below $10.00.,Current Balance: $0.00. Immediate top-up required for V6.0 stability.,,,ab87e486-7006-427f-b928-a0b020682a87,2026-04-23 11:15:32.624273,
SYSTEM,,,LIQUIDITY_ALARM,5sim,CRITICAL,Provider 5sim liquidity below $10.00.,Current Balance: $1.27. Immediate top-up required for V6.0 stability.,,,bcabdc5d-4b79-4707-be88-7b9191254e41,2026-04-23 11:15:32.631666,
SYSTEM,,,LIQUIDITY_ALARM,pvapins,CRITICAL,Provider pvapins liquidity below $10.00.,Current Balance: $0.00. Immediate top-up required for V6.0 stability.,,,4431673c-ec5a-4406-82bc-e8953ba667dc,2026-04-23 11:15:32.63514,
SYSTEM,,,LIQUIDITY_ALARM,textverified,CRITICAL,Provider textverified liquidity below $10.00.,Current Balance: $2.40. Immediate top-up required for V6.0 stability.,,,d5825f56-3146-4eef-b9df-387008ac05c7,2026-04-23 11:43:57.218644,
SYSTEM,,,LIQUIDITY_ALARM,telnyx,CRITICAL,Provider telnyx liquidity below $10.00.,Current Balance: $0.00. Immediate top-up required for V6.0 stability.,,,e53a620a-f4a6-46fd-a0c7-f28216727732,2026-04-23 11:43:57.511084,
SYSTEM,,,LIQUIDITY_ALARM,5sim,CRITICAL,Provider 5sim liquidity below $10.00.,Current Balance: $1.27. Immediate top-up required for V6.0 stability.,,,aca95802-5a95-4bc3-8817-5eac118a0b69,2026-04-23 11:43:57.616421,
SYSTEM,,,LIQUIDITY_ALARM,pvapins,CRITICAL,Provider pvapins liquidity below $10.00.,Current Balance: $0.00. Immediate top-up required for V6.0 stability.,,,8eeadcf6-77fd-484a-a4b7-afe40dbc06c0,2026-04-23 11:43:57.714079,
SYSTEM,,,LIQUIDITY_ALARM,textverified,CRITICAL,Provider textverified liquidity below $10.00.,Current Balance: $2.40. Immediate top-up required for V6.0 stability.,,,b26a2b24-d579-4c05-872e-81442402e0d2,2026-04-23 11:44:01.406029,
SYSTEM,,,LIQUIDITY_ALARM,telnyx,CRITICAL,Provider telnyx liquidity below $10.00.,Current Balance: $0.00. Immediate top-up required for V6.0 stability.,,,cbe4fff5-325c-4ea2-b9d6-7fc69b7c21ab,2026-04-23 11:44:01.411669,
SYSTEM,,,LIQUIDITY_ALARM,5sim,CRITICAL,Provider 5sim liquidity below $10.00.,Current Balance: $1.27. Immediate top-up required for V6.0 stability.,,,dde28646-c0b7-43f0-aebc-7761ca048379,2026-04-23 11:44:01.507974,
SYSTEM,,,LIQUIDITY_ALARM,pvapins,CRITICAL,Provider pvapins liquidity below $10.00.,Current Balance: $0.00. Immediate top-up required for V6.0 stability.,,,93cc0679-347a-44ef-9133-f08af8b9cb16,2026-04-23 11:44:01.513571,
